frec,data,18,24000
1, 827.6
1, 879.1
1, 879.5
1, 888.9
1, 914.1
1, 929.1
1, 930.6
1, 934.1
1, 939.1
1, 939.4
1, 970.1
1, 992.7
1, 994
1, 1001.7
1, 1007.5
1, 1009.4
1, 1009.7
1, 1011.8
1, 1012.8
1, 1016.2
1, 1019.4
1, 1020.4
1, 1021.1
1, 1025.5
1, 1027.2
1, 1028.3
1, 1029.1
1, 1034
1, 1035.8
1, 1037.7
1, 1041.2
1, 1042.4
1, 1043.3
1, 1056.1
1, 1057.4
1, 1059.3
1, 1059.4
1, 1061.1
1, 1064.8
1, 1066.3
1, 1070.3
1, 1077.3
1, 1077.4
1, 1077.8
2, 1080
1, 1080.4
1, 1082.4
1, 1082.7
1, 1082.9
1, 1085.6
1, 1085.9
1, 1086.5
1, 1087.4
1, 1088.4
1, 1089.3
1, 1090.3
1, 1096.2
1, 1096.3
1, 1098
1, 1098.4
1, 1104.9
1, 1105.1
1, 1106.8
1, 1107.7
1, 1108.5
1, 1108.9
1, 1109.2
1, 1109.8
1, 1111.1
1, 1113.1
1, 1113.5
1, 1114.1
1, 1115.2
1, 1116.4
1, 1118
1, 1122.3
1, 1122.6
1, 1123.2
1, 1123.5
1, 1124.9
1, 1125.1
1, 1126
1, 1126.2
1, 1127.2
1, 1128.4
1, 1129.4
1, 1130.6
1, 1131.3
1, 1131.9
1, 1133
1, 1134.4
1, 1134.7
1, 1135.1
1, 1136
1, 1136.6
1, 1137.1
1, 1138.1
1, 1138.3
1, 1138.5
1, 1138.7
1, 1139.3
1, 1139.6
1, 1139.8
1, 1141.4
1, 1141.8
1, 1141.9
1, 1143.2
1, 1143.4
1, 1143.8
1, 1144
1, 1145.5
1, 1146.7
1, 1147.3
1, 1148.4
1, 1149.3
1, 1150.6
1, 1150.9
1, 1152.4
1, 1153.6
1, 1154.6
1, 1157.1
1, 1158.4
1, 1159.7
1, 1160.7
1, 1161.5
1, 1161.7
1, 1161.9
1, 1162.5
1, 1163.4
1, 1164.1
1, 1165.3
1, 1165.7
1, 1166.1
1, 1167.6
1, 1168.1
1, 1168.7
1, 1169
1, 1169.5
1, 1169.7
1, 1170.7
1, 1174
1, 1174.4
1, 1175.6
1, 1175.9
1, 1176.2
1, 1176.3
2, 1177.3
1, 1178.3
1, 1178.5
1, 1179.4
1, 1180.3
1, 1180.4
1, 1181.7
1, 1182.1
1, 1182.4
1, 1182.6
1, 1183
1, 1183.5
1, 1183.6
1, 1184.5
1, 1184.6
1, 1185.4
1, 1185.7
1, 1186.2
1, 1186.7
1, 1187.1
2, 1187.9
1, 1188.4
1, 1188.5
1, 1188.9
1, 1189.6
1, 1189.7
1, 1189.8
1, 1192.9
1, 1193
1, 1193.5
1, 1193.8
1, 1194.6
1, 1195.8
1, 1196.4
1, 1196.7
2, 1196.8
1, 1196.9
1, 1197.2
1, 1197.4
1, 1197.5
1, 1198.3
1, 1198.6
1, 1199.1
1, 1199.4
1, 1199.7
1, 1201.1
1, 1201.9
1, 1202.1
1, 1202.2
1, 1202.6
1, 1202.8
2, 1203.7
1, 1203.8
1, 1204.4
1, 1205
1, 1205.4
1, 1205.6
1, 1206.7
1, 1207.9
1, 1208.8
1, 1209
1, 1209.2
1, 1209.4
2, 1209.8
1, 1210.9
1, 1212.5
1, 1213
1, 1213.3
1, 1214.2
1, 1215
1, 1215.6
1, 1215.8
1, 1215.9
1, 1216
1, 1216.1
1, 1216.2
1, 1216.6
1, 1216.7
1, 1217.1
2, 1217.3
1, 1217.4
1, 1217.5
2, 1217.9
2, 1218.7
1, 1218.9
1, 1219.3
1, 1219.4
1, 1219.9
1, 1220
1, 1220.3
1, 1220.7
1, 1221.2
1, 1221.4
1, 1221.5
1, 1221.7
1, 1222.1
3, 1222.6
2, 1222.9
1, 1224.2
2, 1224.8
1, 1224.9
1, 1225
1, 1225.6
2, 1226.2
1, 1226.9
1, 1227.2
1, 1227.4
1, 1227.6
1, 1227.8
1, 1229.4
1, 1229.6
1, 1229.7
1, 1229.9
1, 1230
1, 1230.3
1, 1230.9
1, 1231.2
1, 1231.4
1, 1231.5
1, 1232.1
1, 1232.9
1, 1233
2, 1233.9
1, 1234
1, 1234.7
1, 1235.1
1, 1235.5
1, 1235.8
1, 1236.1
1, 1237.1
1, 1237.2
2, 1237.8
1, 1238
1, 1238.3
1, 1238.4
1, 1238.7
1, 1239
2, 1239.8
1, 1239.9
1, 1240.2
1, 1240.3
1, 1240.5
1, 1240.6
2, 1240.9
1, 1241
2, 1241.4
1, 1242.2
2, 1242.5
3, 1242.7
1, 1243
1, 1243.3
1, 1243.4
1, 1243.5
1, 1244.3
1, 1246
1, 1246.4
1, 1247.2
1, 1247.4
1, 1247.8
1, 1248.2
1, 1249.5
1, 1249.6
1, 1249.8
1, 1250.1
1, 1250.2
1, 1250.5
1, 1251.2
2, 1251.3
1, 1251.7
1, 1252.4
1, 1252.5
1, 1252.7
2, 1252.8
1, 1253.5
2, 1253.7
1, 1253.8
1, 1254
1, 1254.2
1, 1254.7
1, 1254.8
1, 1254.9
1, 1255.2
1, 1255.3
1, 1255.7
1, 1256.1
1, 1256.3
1, 1257.1
2, 1257.3
1, 1257.4
1, 1257.8
1, 1258
2, 1258.1
2, 1258.3
1, 1258.4
1, 1259.6
1, 1260
1, 1260.6
3, 1261
2, 1261.1
1, 1261.2
1, 1261.3
1, 1261.9
1, 1262
1, 1262.3
2, 1262.6
1, 1263.2
2, 1263.3
1, 1263.7
2, 1264.2
2, 1264.3
1, 1264.7
1, 1264.8
2, 1264.9
1, 1265.1
1, 1265.2
3, 1265.3
1, 1265.5
2, 1266.1
1, 1266.2
2, 1266.3
1, 1266.9
1, 1267.1
1, 1267.7
3, 1268.2
2, 1268.3
1, 1269.2
1, 1269.3
1, 1269.8
2, 1270.9
1, 1271
1, 1271.3
1, 1271.6
1, 1272.2
2, 1272.8
1, 1273.2
1, 1273.5
2, 1273.7
1, 1273.8
1, 1274.1
1, 1275.8
2, 1276
1, 1276.1
1, 1276.9
1, 1277.1
1, 1277.3
1, 1277.4
2, 1277.5
1, 1277.6
2, 1277.7
1, 1278.1
3, 1278.2
1, 1278.4
1, 1278.5
1, 1278.7
1, 1279
1, 1279.1
1, 1279.2
1, 1279.6
3, 1279.8
1, 1279.9
1, 1280.1
2, 1280.2
1, 1280.5
1, 1280.9
1, 1281.2
1, 1281.3
1, 1281.4
1, 1281.8
1, 1282.2
2, 1282.3
2, 1282.4
1, 1282.6
1, 1282.8
1, 1282.9
1, 1283.3
1, 1283.4
1, 1283.6
1, 1284.5
2, 1284.7
1, 1285
1, 1285.1
1, 1285.6
1, 1285.7
1, 1286
1, 1286.1
1, 1286.3
3, 1286.5
1, 1286.6
1, 1286.7
1, 1287
1, 1287.1
1, 1288
1, 1288.1
1, 1288.3
1, 1288.7
4, 1289.1
1, 1289.3
1, 1289.5
1, 1289.8
2, 1290.1
1, 1290.2
1, 1290.4
1, 1290.5
1, 1290.6
1, 1290.7
1, 1290.9
1, 1291.1
1, 1291.3
1, 1291.7
1, 1291.8
1, 1292
1, 1292.4
1, 1292.5
1, 1292.8
1, 1292.9
1, 1293.4
1, 1293.5
1, 1293.7
3, 1294.1
1, 1294.2
2, 1294.3
2, 1294.4
1, 1294.7
2, 1295.3
2, 1295.4
1, 1295.5
1, 1295.6
1, 1296
1, 1296.4
2, 1296.5
2, 1297.3
1, 1298.1
1, 1298.4
2, 1298.5
1, 1298.6
3, 1299.2
1, 1299.3
1, 1299.4
1, 1299.5
2, 1299.6
1, 1299.8
1, 1300.1
1, 1300.3
2, 1300.4
2, 1300.5
1, 1300.9
1, 1301.1
1, 1301.6
2, 1301.7
1, 1301.8
1, 1302
1, 1302.4
1, 1302.9
1, 1303.1
1, 1303.6
1, 1303.7
1, 1304
1, 1304.1
1, 1304.3
1, 1304.5
1, 1304.6
2, 1304.7
1, 1305
1, 1305.5
1, 1305.8
1, 1306.9
2, 1307
1, 1307.3
1, 1307.5
2, 1307.6
1, 1307.8
1, 1308.2
1, 1308.3
1, 1308.6
2, 1308.8
1, 1308.9
1, 1309
1, 1309.1
1, 1309.2
2, 1309.3
1, 1309.7
3, 1309.8
1, 1310
2, 1310.5
1, 1310.6
1, 1311.7
1, 1311.8
1, 1311.9
1, 1312.1
1, 1312.2
1, 1312.5
2, 1312.6
1, 1312.7
1, 1312.8
1, 1313
1, 1313.1
1, 1313.3
1, 1313.5
2, 1313.6
3, 1313.7
1, 1313.8
1, 1314.4
2, 1314.7
2, 1314.8
1, 1314.9
1, 1315.2
1, 1315.5
1, 1315.6
1, 1316
1, 1316.7
2, 1316.8
1, 1317
1, 1317.1
2, 1317.3
1, 1317.5
1, 1317.6
1, 1318.1
2, 1318.2
2, 1318.8
1, 1318.9
1, 1319.4
2, 1319.6
2, 1319.9
1, 1320
2, 1320.2
1, 1320.4
1, 1321
1, 1321.3
1, 1321.4
1, 1321.5
1, 1321.6
2, 1322
2, 1322.1
1, 1322.5
3, 1322.7
1, 1322.8
2, 1322.9
1, 1323
2, 1323.4
1, 1323.6
2, 1323.7
1, 1323.9
1, 1324
1, 1324.9
1, 1325
1, 1325.1
1, 1325.2
1, 1325.4
1, 1325.6
1, 1325.7
1, 1325.8
2, 1325.9
1, 1326.3
1, 1326.4
1, 1326.5
1, 1326.8
1, 1326.9
1, 1327.1
1, 1327.4
2, 1327.5
3, 1327.7
1, 1327.8
2, 1328.2
1, 1328.8
2, 1329.2
1, 1329.7
1, 1329.9
1, 1330
2, 1330.2
2, 1330.3
2, 1330.4
2, 1330.5
3, 1330.9
1, 1331
1, 1331.1
1, 1331.2
2, 1331.3
1, 1331.5
1, 1331.8
3, 1332
1, 1332.1
1, 1332.4
2, 1332.5
3, 1332.8
1, 1332.9
1, 1333.1
1, 1333.4
1, 1333.9
1, 1334
2, 1334.1
1, 1334.2
1, 1334.3
2, 1334.6
1, 1334.9
4, 1335.1
1, 1335.2
1, 1335.7
2, 1335.9
2, 1336
1, 1336.2
1, 1336.3
1, 1336.4
1, 1336.5
1, 1336.8
2, 1336.9
1, 1337
1, 1337.7
1, 1337.9
1, 1338.2
1, 1338.5
1, 1338.7
1, 1338.8
2, 1338.9
1, 1339
1, 1339.1
1, 1339.4
3, 1339.6
3, 1339.8
1, 1339.9
1, 1340.2
2, 1340.4
2, 1340.5
1, 1340.6
1, 1340.7
2, 1341
1, 1341.1
1, 1341.3
2, 1341.4
1, 1341.8
2, 1341.9
1, 1342
2, 1342.2
1, 1342.5
2, 1342.7
1, 1342.8
1, 1343.5
1, 1343.6
1, 1343.7
2, 1343.8
1, 1343.9
2, 1344.2
1, 1344.4
2, 1345
2, 1345.2
2, 1345.4
3, 1345.5
2, 1345.8
1, 1345.9
1, 1346.1
1, 1346.4
1, 1346.5
2, 1346.6
1, 1346.7
2, 1346.9
1, 1347
1, 1347.3
1, 1347.4
2, 1347.5
2, 1347.6
1, 1347.8
1, 1348
3, 1348.1
1, 1348.2
1, 1348.4
1, 1348.5
2, 1348.6
2, 1348.7
4, 1349
1, 1349.4
3, 1349.5
1, 1349.6
2, 1349.8
1, 1349.9
1, 1350
1, 1350.2
1, 1350.3
2, 1350.4
1, 1350.7
1, 1350.8
1, 1351
1, 1351.1
1, 1351.4
1, 1351.5
1, 1351.6
1, 1351.7
1, 1351.8
1, 1351.9
2, 1352
1, 1352.1
1, 1352.3
2, 1352.4
2, 1352.7
1, 1353.1
2, 1353.2
2, 1353.5
1, 1353.6
2, 1353.7
1, 1353.9
1, 1354.1
2, 1354.2
1, 1354.5
2, 1354.6
2, 1354.8
1, 1355.2
1, 1355.3
1, 1355.4
3, 1355.7
1, 1355.9
1, 1356.2
3, 1356.4
2, 1357
1, 1357.4
1, 1357.6
3, 1357.7
1, 1357.8
1, 1357.9
3, 1358
2, 1358.2
1, 1358.3
2, 1358.4
1, 1358.6
1, 1358.7
1, 1358.8
1, 1358.9
2, 1359
1, 1359.1
1, 1359.2
1, 1359.4
1, 1359.7
1, 1359.8
1, 1359.9
2, 1360.2
2, 1360.3
1, 1360.4
1, 1360.5
2, 1360.7
1, 1360.8
1, 1360.9
3, 1361.4
1, 1361.5
2, 1361.7
2, 1362
3, 1362.1
1, 1362.2
3, 1362.3
1, 1362.4
1, 1362.7
1, 1363.1
1, 1363.2
2, 1363.3
1, 1363.4
2, 1364
1, 1364.2
1, 1364.3
1, 1364.4
1, 1364.6
2, 1364.7
1, 1364.8
3, 1365
1, 1365.1
1, 1365.2
3, 1365.3
1, 1365.4
1, 1365.5
1, 1365.6
1, 1365.8
1, 1365.9
1, 1366
1, 1366.1
1, 1366.4
2, 1366.5
3, 1367
2, 1367.1
1, 1367.2
3, 1367.4
2, 1367.6
1, 1367.7
3, 1367.8
1, 1367.9
1, 1368
1, 1368.1
1, 1368.3
1, 1368.5
1, 1368.6
1, 1368.9
2, 1369
1, 1369.1
1, 1369.2
1, 1369.5
1, 1369.6
1, 1369.7
1, 1369.8
1, 1370
1, 1370.1
1, 1370.2
2, 1370.3
2, 1370.5
2, 1370.6
1, 1370.7
1, 1371
1, 1371.1
1, 1371.3
1, 1371.4
2, 1371.5
2, 1371.8
1, 1372.1
1, 1372.3
2, 1372.4
1, 1372.5
1, 1372.6
1, 1372.8
1, 1373
3, 1373.1
2, 1373.2
2, 1373.3
1, 1373.4
2, 1373.5
1, 1373.6
1, 1373.8
1, 1373.9
1, 1374
2, 1374.2
1, 1374.4
2, 1374.6
2, 1375
1, 1375.1
1, 1375.2
1, 1375.3
1, 1375.5
1, 1375.7
1, 1375.8
4, 1376.2
2, 1376.5
1, 1376.8
2, 1377
1, 1377.2
2, 1377.3
1, 1377.4
2, 1377.5
1, 1377.8
1, 1377.9
1, 1378
1, 1378.1
1, 1378.2
1, 1378.4
1, 1378.9
1, 1379
1, 1379.1
4, 1379.3
1, 1379.4
2, 1379.5
1, 1379.6
2, 1379.7
1, 1379.9
3, 1380.1
1, 1380.5
1, 1380.6
3, 1380.7
3, 1381.2
4, 1381.3
3, 1381.4
1, 1381.5
1, 1381.6
4, 1381.7
1, 1382
1, 1382.1
3, 1382.3
2, 1382.4
1, 1382.5
2, 1382.7
1, 1382.9
1, 1383
2, 1383.1
3, 1383.2
1, 1383.3
1, 1383.5
1, 1383.6
3, 1383.8
1, 1383.9
1, 1384
5, 1384.3
4, 1384.4
1, 1384.5
2, 1384.6
4, 1384.7
1, 1384.8
2, 1384.9
1, 1385
3, 1385.1
1, 1385.2
1, 1385.5
3, 1385.7
1, 1386
3, 1386.1
2, 1386.3
1, 1386.4
2, 1386.6
1, 1386.8
2, 1386.9
1, 1387
1, 1387.1
1, 1387.2
3, 1387.3
1, 1387.4
1, 1387.8
2, 1387.9
2, 1388
1, 1388.1
1, 1388.2
3, 1388.5
2, 1388.6
1, 1388.8
1, 1388.9
2, 1389.1
1, 1389.4
1, 1389.5
3, 1389.6
1, 1389.8
2, 1389.9
3, 1390
2, 1390.1
1, 1390.3
1, 1390.4
2, 1390.5
1, 1390.6
2, 1390.7
2, 1390.8
2, 1391
2, 1391.1
1, 1391.2
1, 1391.3
3, 1391.5
1, 1391.6
1, 1391.7
2, 1392
4, 1392.3
1, 1392.4
1, 1392.5
1, 1392.6
1, 1393
3, 1393.1
1, 1393.3
2, 1393.5
1, 1393.6
2, 1393.7
4, 1393.9
2, 1394
1, 1394.1
1, 1394.2
2, 1394.3
1, 1394.4
1, 1394.5
1, 1394.9
2, 1395
2, 1395.1
1, 1395.6
1, 1395.7
1, 1395.8
1, 1395.9
1, 1396
1, 1396.3
2, 1396.4
1, 1396.5
1, 1396.6
2, 1396.7
1, 1396.8
1, 1396.9
3, 1397
2, 1397.6
1, 1397.7
1, 1397.8
1, 1397.9
1, 1398
2, 1398.2
2, 1398.4
2, 1398.5
1, 1398.6
2, 1398.7
1, 1398.8
1, 1398.9
2, 1399
2, 1399.1
3, 1399.2
1, 1399.3
2, 1399.4
1, 1399.5
1, 1399.6
1, 1399.7
2, 1399.8
1, 1399.9
1, 1400.1
1, 1400.2
1, 1400.4
2, 1400.6
2, 1400.8
1, 1400.9
2, 1401
3, 1401.1
2, 1401.2
1, 1401.5
1, 1401.6
2, 1401.8
1, 1401.9
1, 1402.1
1, 1402.2
2, 1402.3
2, 1402.4
1, 1402.5
1, 1402.6
1, 1402.7
1, 1402.8
2, 1402.9
2, 1403
3, 1403.5
1, 1403.6
5, 1403.7
1, 1403.8
1, 1403.9
2, 1404
2, 1404.3
2, 1404.5
1, 1404.6
1, 1404.7
1, 1404.8
2, 1405.1
2, 1405.3
2, 1405.4
3, 1405.5
1, 1405.6
1, 1405.8
1, 1405.9
1, 1406
1, 1406.1
1, 1406.3
1, 1406.4
1, 1406.5
2, 1406.6
3, 1406.8
3, 1406.9
1, 1407
2, 1407.1
2, 1407.2
2, 1407.3
2, 1407.4
2, 1407.5
1, 1407.6
1, 1407.7
1, 1407.8
2, 1408
1, 1408.2
1, 1408.3
2, 1408.5
1, 1408.6
3, 1408.8
2, 1408.9
2, 1409
1, 1409.1
1, 1409.2
2, 1409.3
4, 1409.5
1, 1409.6
3, 1409.7
2, 1409.8
1, 1409.9
1, 1410.1
1, 1410.2
2, 1410.3
1, 1410.5
1, 1410.8
1, 1410.9
3, 1411
4, 1411.2
3, 1411.3
1, 1411.4
1, 1411.5
1, 1411.6
1, 1411.7
1, 1411.8
1, 1411.9
1, 1412
1, 1412.2
2, 1412.3
2, 1412.6
1, 1412.7
2, 1412.8
1, 1413
1, 1413.1
1, 1413.2
3, 1413.4
1, 1413.6
2, 1413.8
1, 1414.1
2, 1414.3
1, 1414.5
1, 1414.8
1, 1415
4, 1415.2
1, 1415.3
2, 1415.5
3, 1415.7
1, 1415.8
2, 1415.9
2, 1416
3, 1416.1
3, 1416.2
1, 1416.3
3, 1416.4
2, 1416.5
1, 1416.8
2, 1416.9
3, 1417
2, 1417.1
1, 1417.3
1, 1417.4
2, 1417.6
2, 1417.7
4, 1417.8
2, 1418
2, 1418.2
3, 1418.3
2, 1418.4
1, 1418.6
2, 1418.7
1, 1418.8
3, 1418.9
3, 1419.5
1, 1419.7
1, 1419.8
1, 1419.9
1, 1420
3, 1420.1
2, 1420.2
1, 1420.3
3, 1420.6
1, 1420.7
2, 1420.9
1, 1421
1, 1421.1
2, 1421.3
2, 1421.5
3, 1421.6
2, 1421.8
1, 1421.9
4, 1422.1
1, 1422.2
3, 1422.3
1, 1422.4
1, 1422.5
2, 1422.6
3, 1422.7
1, 1423
1, 1423.3
1, 1423.4
1, 1423.5
1, 1423.6
1, 1423.7
1, 1423.8
3, 1424
1, 1424.1
2, 1424.2
2, 1424.3
1, 1424.4
1, 1424.5
1, 1424.6
1, 1424.7
1, 1424.8
1, 1424.9
5, 1425
3, 1425.1
2, 1425.3
1, 1425.5
1, 1425.6
1, 1425.7
3, 1425.8
3, 1426
3, 1426.2
1, 1426.3
2, 1426.6
1, 1426.7
1, 1426.8
1, 1427
1, 1427.1
3, 1427.2
3, 1427.3
2, 1427.4
2, 1427.5
3, 1427.6
1, 1427.8
2, 1427.9
1, 1428
4, 1428.2
3, 1428.4
1, 1428.5
1, 1428.6
3, 1428.7
2, 1428.8
2, 1428.9
1, 1429
2, 1429.3
2, 1429.5
1, 1429.7
4, 1429.8
3, 1429.9
1, 1430
1, 1430.1
1, 1430.6
1, 1430.7
3, 1430.9
2, 1431
1, 1431.1
1, 1431.2
2, 1431.6
2, 1431.7
1, 1431.8
4, 1431.9
1, 1432.1
3, 1432.2
1, 1432.3
1, 1432.4
3, 1432.7
2, 1432.8
3, 1433.1
2, 1433.3
2, 1433.4
2, 1433.5
2, 1433.7
1, 1434.1
2, 1434.3
2, 1434.4
3, 1434.6
1, 1434.8
1, 1434.9
1, 1435
1, 1435.1
1, 1435.4
2, 1435.5
4, 1435.6
3, 1435.8
2, 1436
1, 1436.2
1, 1436.3
3, 1436.4
2, 1436.5
2, 1436.7
3, 1436.8
1, 1436.9
2, 1437
1, 1437.1
1, 1437.2
3, 1437.3
1, 1437.4
4, 1437.5
1, 1437.6
2, 1437.8
1, 1437.9
1, 1438
1, 1438.1
3, 1438.2
1, 1438.3
1, 1438.4
1, 1438.5
2, 1438.6
1, 1438.8
1, 1438.9
3, 1439
2, 1439.2
2, 1439.3
2, 1439.4
2, 1439.5
1, 1439.6
4, 1439.7
2, 1439.9
1, 1440
3, 1440.3
3, 1440.4
3, 1440.5
2, 1440.6
2, 1440.8
2, 1441.3
1, 1441.4
1, 1441.5
1, 1441.6
2, 1441.7
4, 1441.8
5, 1441.9
1, 1442
2, 1442.1
1, 1442.2
1, 1442.3
1, 1442.4
1, 1442.5
1, 1442.6
1, 1442.7
1, 1442.8
1, 1442.9
2, 1443
4, 1443.1
1, 1443.3
3, 1443.4
1, 1443.5
3, 1443.6
2, 1443.7
2, 1443.8
1, 1443.9
2, 1444.2
2, 1444.4
3, 1444.6
3, 1444.8
2, 1444.9
2, 1445
2, 1445.1
2, 1445.2
3, 1445.3
2, 1445.4
2, 1445.5
1, 1445.6
1, 1446.1
2, 1446.2
2, 1446.3
2, 1446.4
2, 1446.6
1, 1446.7
2, 1447.1
2, 1447.2
1, 1447.4
4, 1447.5
1, 1447.6
1, 1447.7
1, 1447.8
2, 1447.9
3, 1448
3, 1448.1
2, 1448.3
2, 1448.4
5, 1448.5
4, 1448.6
3, 1448.8
1, 1448.9
3, 1449
1, 1449.2
4, 1449.3
1, 1449.4
3, 1449.6
1, 1449.7
1, 1449.8
2, 1449.9
1, 1450
2, 1450.1
1, 1450.2
1, 1450.3
2, 1450.4
1, 1450.5
2, 1450.6
2, 1450.8
1, 1450.9
1, 1451.1
3, 1451.2
1, 1451.3
1, 1451.5
2, 1451.6
3, 1451.8
1, 1451.9
1, 1452
1, 1452.1
3, 1452.2
2, 1452.3
3, 1452.4
2, 1452.6
1, 1452.7
1, 1452.8
1, 1452.9
1, 1453.2
1, 1453.3
2, 1453.4
6, 1453.5
2, 1453.7
1, 1453.9
2, 1454
4, 1454.1
2, 1454.3
1, 1454.5
3, 1454.6
3, 1454.7
3, 1454.8
1, 1454.9
2, 1455
4, 1455.1
3, 1455.2
3, 1455.3
1, 1455.4
1, 1455.6
2, 1455.7
2, 1455.8
1, 1455.9
3, 1456
3, 1456.1
3, 1456.2
1, 1456.4
1, 1456.5
1, 1456.8
2, 1456.9
1, 1457
3, 1457.1
1, 1457.2
2, 1457.4
1, 1457.5
1, 1457.7
2, 1457.9
2, 1458
1, 1458.2
3, 1458.3
1, 1458.4
1, 1458.6
3, 1458.7
2, 1458.8
3, 1459
2, 1459.1
2, 1459.2
2, 1459.6
1, 1459.7
2, 1459.8
3, 1460
2, 1460.1
2, 1460.2
1, 1460.4
1, 1460.5
1, 1460.6
4, 1460.8
1, 1461
1, 1461.1
1, 1461.2
1, 1461.4
2, 1461.5
1, 1461.7
4, 1461.8
1, 1461.9
1, 1462
3, 1462.1
2, 1462.2
1, 1462.3
3, 1462.4
4, 1462.5
2, 1462.6
1, 1462.7
1, 1462.8
1, 1463
3, 1463.1
1, 1463.2
1, 1463.3
3, 1463.4
1, 1463.6
1, 1463.7
2, 1463.9
1, 1464
2, 1464.1
1, 1464.2
2, 1464.3
1, 1464.5
1, 1464.7
1, 1464.8
2, 1464.9
2, 1465
4, 1465.1
2, 1465.2
2, 1465.3
4, 1465.4
1, 1465.5
2, 1465.6
1, 1465.7
1, 1465.9
1, 1466
1, 1466.1
2, 1466.4
3, 1466.5
2, 1466.6
2, 1466.7
2, 1466.8
4, 1466.9
1, 1467
1, 1467.1
1, 1467.2
2, 1467.4
4, 1467.5
2, 1467.6
1, 1467.7
1, 1467.9
2, 1468
2, 1468.2
2, 1468.3
3, 1468.4
4, 1468.5
3, 1468.6
1, 1468.7
1, 1468.8
1, 1468.9
1, 1469
2, 1469.1
2, 1469.2
4, 1469.3
1, 1469.5
4, 1469.6
1, 1469.7
4, 1469.8
1, 1469.9
2, 1470
4, 1470.2
1, 1470.3
4, 1470.5
1, 1470.6
1, 1470.8
3, 1470.9
2, 1471
1, 1471.1
2, 1471.2
3, 1471.3
1, 1471.4
2, 1471.5
3, 1471.7
5, 1471.8
2, 1471.9
1, 1472
2, 1472.2
2, 1472.4
4, 1472.6
4, 1472.7
1, 1472.8
2, 1472.9
4, 1473
2, 1473.1
1, 1473.2
3, 1473.3
6, 1473.4
1, 1473.5
6, 1473.6
3, 1473.7
1, 1473.8
1, 1474
3, 1474.1
1, 1474.3
6, 1474.4
4, 1474.5
2, 1474.6
2, 1474.7
3, 1474.8
2, 1474.9
5, 1475
5, 1475.1
5, 1475.2
1, 1475.3
1, 1475.4
1, 1475.5
4, 1475.6
3, 1475.8
4, 1475.9
2, 1476
2, 1476.1
1, 1476.3
1, 1476.4
2, 1476.6
1, 1476.7
2, 1476.8
2, 1476.9
1, 1477
1, 1477.1
4, 1477.2
2, 1477.3
1, 1477.4
2, 1477.6
1, 1477.7
2, 1477.8
3, 1478.3
2, 1478.5
2, 1478.6
4, 1478.7
2, 1478.8
2, 1478.9
2, 1479
3, 1479.1
2, 1479.2
1, 1479.3
2, 1479.4
1, 1479.5
3, 1479.6
4, 1479.7
2, 1479.8
2, 1480
1, 1480.1
3, 1480.2
5, 1480.3
1, 1480.4
2, 1480.6
1, 1480.7
3, 1480.9
2, 1481
4, 1481.1
5, 1481.2
2, 1481.3
2, 1481.6
2, 1481.7
7, 1481.9
2, 1482
4, 1482.1
1, 1482.2
3, 1482.3
1, 1482.4
3, 1482.5
1, 1482.6
1, 1482.8
2, 1482.9
1, 1483.1
1, 1483.4
1, 1483.5
1, 1483.6
1, 1483.7
1, 1483.8
1, 1483.9
2, 1484
2, 1484.1
2, 1484.2
3, 1484.3
1, 1484.4
1, 1484.5
7, 1484.6
2, 1484.7
3, 1484.8
2, 1485
2, 1485.1
1, 1485.2
1, 1485.3
5, 1485.4
2, 1485.5
3, 1485.6
2, 1485.7
3, 1485.8
1, 1486
2, 1486.1
4, 1486.2
1, 1486.3
1, 1486.4
5, 1486.5
2, 1486.6
4, 1486.7
2, 1486.8
2, 1487
1, 1487.1
3, 1487.3
1, 1487.5
1, 1487.6
1, 1487.7
2, 1487.8
6, 1488
2, 1488.2
2, 1488.4
4, 1488.5
6, 1488.6
4, 1488.7
2, 1488.8
3, 1488.9
2, 1489
1, 1489.1
3, 1489.2
2, 1489.3
2, 1489.4
1, 1489.6
1, 1489.7
2, 1490
2, 1490.1
3, 1490.2
2, 1490.3
4, 1490.4
2, 1490.5
2, 1490.6
3, 1490.7
1, 1490.8
4, 1490.9
2, 1491
1, 1491.1
1, 1491.3
1, 1491.4
1, 1491.6
1, 1491.7
2, 1491.8
1, 1491.9
1, 1492
1, 1492.1
3, 1492.5
2, 1492.6
1, 1492.7
5, 1492.8
2, 1492.9
1, 1493
4, 1493.1
2, 1493.2
2, 1493.3
4, 1493.4
1, 1493.5
1, 1493.6
1, 1493.7
3, 1493.8
1, 1493.9
1, 1494
2, 1494.1
1, 1494.3
2, 1494.4
1, 1494.6
2, 1494.7
2, 1494.8
1, 1494.9
1, 1495
4, 1495.1
4, 1495.2
3, 1495.3
2, 1495.6
1, 1495.7
1, 1495.9
4, 1496
1, 1496.2
2, 1496.3
5, 1496.4
1, 1496.6
1, 1496.7
1, 1496.8
4, 1497
1, 1497.1
1, 1497.2
2, 1497.4
2, 1497.6
5, 1497.7
2, 1497.8
3, 1497.9
2, 1498
1, 1498.1
1, 1498.2
1, 1498.3
1, 1498.4
1, 1498.5
4, 1498.6
1, 1498.7
2, 1498.8
1, 1499
1, 1499.1
3, 1499.2
2, 1499.3
1, 1499.4
3, 1499.5
1, 1499.7
1, 1499.8
2, 1499.9
2, 1500.1
1, 1500.3
3, 1500.4
3, 1500.5
3, 1500.6
1, 1500.8
2, 1500.9
2, 1501
1, 1501.1
1, 1501.2
1, 1501.3
3, 1501.4
1, 1501.5
5, 1501.6
1, 1501.7
4, 1501.8
1, 1501.9
3, 1502
6, 1502.1
5, 1502.2
2, 1502.3
2, 1502.4
2, 1502.6
1, 1502.7
1, 1502.8
3, 1502.9
1, 1503
3, 1503.1
1, 1503.2
1, 1503.3
1, 1503.4
6, 1503.5
1, 1503.6
3, 1503.7
4, 1503.8
1, 1503.9
1, 1504
2, 1504.1
3, 1504.2
2, 1504.3
1, 1504.4
1, 1504.5
3, 1504.6
2, 1504.8
6, 1504.9
1, 1505.1
2, 1505.2
3, 1505.3
3, 1505.4
1, 1505.5
4, 1505.6
6, 1505.7
2, 1505.8
4, 1505.9
3, 1506
1, 1506.1
3, 1506.2
2, 1506.3
3, 1506.4
3, 1506.5
2, 1506.7
5, 1506.9
2, 1507.1
1, 1507.2
1, 1507.3
1, 1507.4
3, 1507.5
2, 1507.6
2, 1507.7
2, 1507.8
3, 1507.9
6, 1508
2, 1508.1
2, 1508.2
2, 1508.3
1, 1508.4
2, 1508.5
1, 1508.7
5, 1508.8
3, 1508.9
4, 1509
4, 1509.1
3, 1509.2
3, 1509.3
3, 1509.4
1, 1509.5
1, 1509.7
1, 1509.8
4, 1509.9
1, 1510
1, 1510.1
4, 1510.2
3, 1510.3
1, 1510.5
3, 1510.6
1, 1510.7
1, 1510.8
2, 1510.9
2, 1511
4, 1511.1
1, 1511.2
4, 1511.3
2, 1511.4
4, 1511.6
1, 1511.7
1, 1511.8
1, 1511.9
3, 1512
1, 1512.1
6, 1512.2
4, 1512.5
5, 1512.6
3, 1512.7
1, 1512.8
5, 1512.9
2, 1513
3, 1513.1
2, 1513.2
3, 1513.3
3, 1513.5
2, 1513.6
4, 1513.7
2, 1513.8
3, 1513.9
2, 1514
1, 1514.1
3, 1514.2
2, 1514.3
4, 1514.4
1, 1514.6
2, 1514.7
1, 1514.8
1, 1515
2, 1515.1
1, 1515.2
1, 1515.3
3, 1515.4
2, 1515.6
1, 1515.7
3, 1515.8
1, 1515.9
2, 1516
2, 1516.1
3, 1516.2
1, 1516.4
2, 1516.5
5, 1516.6
2, 1516.7
3, 1516.8
4, 1516.9
1, 1517
4, 1517.1
1, 1517.2
2, 1517.3
4, 1517.5
2, 1517.6
3, 1517.7
4, 1517.8
1, 1517.9
3, 1518
4, 1518.1
1, 1518.2
2, 1518.4
3, 1518.5
1, 1518.6
5, 1518.7
5, 1518.8
3, 1518.9
3, 1519
3, 1519.1
3, 1519.2
1, 1519.3
1, 1519.4
2, 1519.5
1, 1519.6
1, 1519.7
4, 1519.8
2, 1519.9
4, 1520
1, 1520.1
2, 1520.2
3, 1520.3
2, 1520.4
3, 1520.5
1, 1520.6
1, 1520.7
1, 1520.8
5, 1520.9
2, 1521
3, 1521.1
1, 1521.2
1, 1521.3
3, 1521.4
3, 1521.5
3, 1521.6
1, 1521.7
1, 1521.8
2, 1521.9
3, 1522
2, 1522.1
1, 1522.2
3, 1522.3
4, 1522.4
4, 1522.5
3, 1522.6
3, 1522.7
1, 1522.8
2, 1522.9
4, 1523
2, 1523.1
3, 1523.3
1, 1523.4
3, 1523.5
1, 1523.6
2, 1523.8
3, 1523.9
1, 1524
1, 1524.1
1, 1524.2
1, 1524.4
4, 1524.5
3, 1524.6
1, 1524.8
1, 1524.9
1, 1525
2, 1525.1
2, 1525.4
2, 1525.5
4, 1525.6
2, 1525.7
4, 1525.8
3, 1525.9
4, 1526
6, 1526.1
2, 1526.2
1, 1526.3
1, 1526.4
1, 1526.5
1, 1526.6
6, 1526.7
4, 1526.8
1, 1527.1
5, 1527.2
2, 1527.4
6, 1527.5
2, 1527.6
1, 1527.7
4, 1527.8
3, 1527.9
1, 1528
2, 1528.1
1, 1528.2
2, 1528.3
3, 1528.4
1, 1528.6
4, 1528.7
4, 1528.8
1, 1528.9
1, 1529
3, 1529.1
1, 1529.3
2, 1529.4
1, 1529.5
4, 1529.6
2, 1529.7
1, 1529.8
1, 1530
2, 1530.1
2, 1530.2
4, 1530.3
2, 1530.5
1, 1530.7
6, 1530.8
2, 1531
1, 1531.1
1, 1531.2
5, 1531.3
2, 1531.5
2, 1531.6
3, 1531.7
2, 1531.8
5, 1531.9
1, 1532
4, 1532.1
4, 1532.2
1, 1532.3
1, 1532.4
3, 1532.5
3, 1532.6
2, 1532.7
3, 1532.8
3, 1532.9
1, 1533.1
3, 1533.2
2, 1533.3
1, 1533.4
2, 1533.5
1, 1533.6
1, 1533.7
2, 1533.8
2, 1533.9
3, 1534
1, 1534.1
4, 1534.2
2, 1534.3
3, 1534.4
4, 1534.5
6, 1534.6
2, 1534.7
1, 1534.8
1, 1535.1
3, 1535.2
2, 1535.3
2, 1535.5
1, 1535.6
5, 1535.7
2, 1536
2, 1536.1
3, 1536.3
1, 1536.4
3, 1536.5
5, 1536.6
4, 1536.7
6, 1536.8
1, 1536.9
2, 1537
1, 1537.1
3, 1537.2
3, 1537.4
2, 1537.5
4, 1537.6
3, 1537.7
1, 1537.8
2, 1537.9
3, 1538
1, 1538.1
6, 1538.3
3, 1538.4
2, 1538.5
1, 1538.6
1, 1538.7
4, 1538.8
4, 1538.9
2, 1539
3, 1539.1
4, 1539.2
3, 1539.3
2, 1539.4
5, 1539.5
1, 1539.6
2, 1539.7
2, 1539.8
5, 1539.9
2, 1540
2, 1540.1
2, 1540.2
3, 1540.3
3, 1540.4
2, 1540.5
5, 1540.6
2, 1540.7
5, 1540.8
4, 1540.9
5, 1541
1, 1541.1
4, 1541.2
1, 1541.3
2, 1541.4
1, 1541.5
1, 1541.6
2, 1541.7
1, 1541.8
2, 1541.9
1, 1542
3, 1542.1
4, 1542.2
2, 1542.3
4, 1542.4
2, 1542.5
2, 1542.6
1, 1542.8
2, 1542.9
2, 1543
2, 1543.2
2, 1543.3
4, 1543.4
5, 1543.5
1, 1543.6
3, 1543.7
1, 1543.8
2, 1543.9
3, 1544
3, 1544.1
4, 1544.2
1, 1544.3
3, 1544.4
2, 1544.5
4, 1544.6
3, 1544.7
2, 1544.8
1, 1544.9
1, 1545
2, 1545.1
1, 1545.2
2, 1545.3
1, 1545.4
3, 1545.5
3, 1545.6
2, 1545.7
1, 1545.8
1, 1545.9
1, 1546
2, 1546.1
4, 1546.2
4, 1546.3
4, 1546.4
4, 1546.6
3, 1546.7
2, 1546.8
2, 1546.9
4, 1547
4, 1547.1
2, 1547.2
5, 1547.3
1, 1547.4
2, 1547.6
2, 1547.7
2, 1547.8
5, 1548
3, 1548.1
2, 1548.2
2, 1548.3
1, 1548.4
1, 1548.6
4, 1548.7
4, 1548.8
1, 1548.9
2, 1549
2, 1549.1
5, 1549.2
4, 1549.3
1, 1549.4
2, 1549.5
2, 1549.6
4, 1549.7
7, 1549.8
2, 1549.9
2, 1550
1, 1550.3
5, 1550.4
1, 1550.5
5, 1550.6
4, 1550.7
5, 1550.8
3, 1550.9
1, 1551
3, 1551.2
2, 1551.3
1, 1551.5
1, 1551.6
4, 1551.7
3, 1551.8
4, 1551.9
2, 1552
3, 1552.1
7, 1552.3
2, 1552.4
1, 1552.5
1, 1552.6
2, 1552.8
5, 1552.9
6, 1553.1
4, 1553.3
3, 1553.4
5, 1553.5
2, 1553.6
2, 1553.7
5, 1553.8
2, 1553.9
2, 1554
3, 1554.1
3, 1554.2
3, 1554.3
3, 1554.4
3, 1554.5
1, 1554.6
2, 1554.7
2, 1554.8
2, 1554.9
1, 1555
4, 1555.1
2, 1555.2
3, 1555.3
3, 1555.4
3, 1555.5
2, 1555.6
2, 1555.7
1, 1555.8
1, 1555.9
6, 1556
1, 1556.1
1, 1556.3
2, 1556.4
4, 1556.5
3, 1556.6
2, 1556.7
3, 1556.8
2, 1557
4, 1557.1
3, 1557.2
2, 1557.3
5, 1557.4
3, 1557.5
1, 1557.6
3, 1557.8
4, 1557.9
2, 1558
1, 1558.1
8, 1558.2
1, 1558.3
3, 1558.5
2, 1558.6
2, 1558.7
1, 1558.8
3, 1558.9
1, 1559
1, 1559.1
2, 1559.2
2, 1559.3
1, 1559.4
3, 1559.5
2, 1559.6
5, 1559.7
3, 1559.8
3, 1559.9
3, 1560
2, 1560.1
7, 1560.2
2, 1560.3
1, 1560.4
4, 1560.5
3, 1560.6
3, 1560.7
3, 1560.8
2, 1560.9
3, 1561
1, 1561.1
3, 1561.4
1, 1561.5
3, 1561.6
2, 1561.7
3, 1561.8
1, 1561.9
2, 1562
1, 1562.2
4, 1562.3
1, 1562.4
5, 1562.5
1, 1562.7
1, 1562.8
3, 1562.9
3, 1563
3, 1563.1
1, 1563.2
3, 1563.3
3, 1563.4
2, 1563.5
2, 1563.6
2, 1563.7
1, 1563.8
1, 1563.9
2, 1564
3, 1564.1
2, 1564.2
2, 1564.3
3, 1564.4
5, 1564.6
2, 1564.7
3, 1564.8
2, 1564.9
3, 1565
1, 1565.1
1, 1565.2
2, 1565.3
2, 1565.4
3, 1565.5
2, 1565.6
1, 1565.7
2, 1565.8
4, 1565.9
3, 1566
2, 1566.1
2, 1566.2
4, 1566.4
3, 1566.5
5, 1566.6
1, 1566.7
4, 1566.9
2, 1567
3, 1567.1
5, 1567.2
1, 1567.3
2, 1567.4
3, 1567.5
1, 1567.6
4, 1567.7
1, 1567.9
4, 1568.1
3, 1568.2
1, 1568.3
2, 1568.4
2, 1568.5
3, 1568.6
4, 1568.7
3, 1568.8
6, 1568.9
1, 1569
2, 1569.1
3, 1569.2
3, 1569.3
1, 1569.5
3, 1569.6
6, 1569.7
4, 1569.8
4, 1569.9
3, 1570
2, 1570.1
3, 1570.2
5, 1570.3
4, 1570.4
1, 1570.5
7, 1570.6
1, 1570.7
4, 1570.8
1, 1570.9
4, 1571
2, 1571.1
2, 1571.2
3, 1571.3
5, 1571.4
2, 1571.5
4, 1571.6
3, 1571.7
4, 1571.9
5, 1572
5, 1572.1
7, 1572.2
6, 1572.3
1, 1572.4
1, 1572.5
7, 1572.6
4, 1572.7
3, 1572.8
3, 1572.9
1, 1573
1, 1573.1
6, 1573.2
4, 1573.3
2, 1573.4
2, 1573.5
4, 1573.6
2, 1573.7
3, 1573.9
2, 1574
4, 1574.1
2, 1574.2
1, 1574.3
2, 1574.4
4, 1574.5
2, 1574.6
6, 1574.8
2, 1575
2, 1575.1
2, 1575.2
3, 1575.3
3, 1575.4
4, 1575.5
4, 1575.6
4, 1575.7
3, 1575.9
1, 1576
2, 1576.2
3, 1576.3
4, 1576.4
3, 1576.5
6, 1576.6
6, 1576.7
6, 1576.9
5, 1577
2, 1577.1
3, 1577.2
3, 1577.3
1, 1577.5
2, 1577.6
1, 1577.7
1, 1577.8
4, 1577.9
3, 1578
5, 1578.1
4, 1578.2
2, 1578.3
2, 1578.4
4, 1578.5
1, 1578.6
1, 1578.7
3, 1578.8
5, 1578.9
7, 1579
3, 1579.1
4, 1579.2
4, 1579.3
2, 1579.4
2, 1579.5
2, 1579.6
2, 1579.7
1, 1579.8
5, 1579.9
3, 1580
4, 1580.1
2, 1580.2
1, 1580.3
1, 1580.4
5, 1580.5
5, 1580.6
4, 1580.7
3, 1580.8
4, 1580.9
3, 1581
4, 1581.1
3, 1581.2
1, 1581.3
2, 1581.4
2, 1581.5
4, 1581.6
3, 1581.7
4, 1581.8
4, 1581.9
2, 1582
1, 1582.1
2, 1582.2
2, 1582.3
3, 1582.4
1, 1582.6
2, 1582.7
2, 1582.8
1, 1582.9
3, 1583
4, 1583.1
4, 1583.2
1, 1583.3
2, 1583.4
5, 1583.5
3, 1583.6
1, 1583.7
1, 1583.8
3, 1583.9
3, 1584
1, 1584.2
2, 1584.3
8, 1584.4
2, 1584.5
4, 1584.6
3, 1584.7
5, 1584.8
4, 1584.9
1, 1585
4, 1585.1
3, 1585.2
1, 1585.3
4, 1585.4
3, 1585.5
6, 1585.6
1, 1585.7
2, 1585.8
1, 1585.9
2, 1586
3, 1586.1
4, 1586.2
5, 1586.3
3, 1586.4
2, 1586.5
4, 1586.6
3, 1586.7
3, 1586.8
4, 1586.9
4, 1587
4, 1587.1
3, 1587.2
3, 1587.3
4, 1587.4
2, 1587.5
4, 1587.6
1, 1587.7
5, 1587.8
3, 1587.9
4, 1588
6, 1588.1
4, 1588.2
3, 1588.3
4, 1588.4
2, 1588.5
2, 1588.6
2, 1588.7
2, 1588.8
5, 1589
1, 1589.1
4, 1589.3
3, 1589.4
2, 1589.5
2, 1589.6
3, 1589.7
1, 1589.8
5, 1589.9
2, 1590
4, 1590.1
3, 1590.2
5, 1590.3
3, 1590.4
3, 1590.5
5, 1590.6
6, 1590.7
4, 1590.9
5, 1591.1
4, 1591.2
5, 1591.3
3, 1591.5
2, 1591.6
2, 1591.7
5, 1591.8
4, 1591.9
2, 1592
4, 1592.1
2, 1592.2
4, 1592.3
6, 1592.4
2, 1592.5
4, 1592.6
2, 1592.7
3, 1592.8
3, 1592.9
2, 1593
6, 1593.1
1, 1593.2
6, 1593.3
2, 1593.4
4, 1593.5
4, 1593.6
1, 1593.7
3, 1593.8
3, 1593.9
3, 1594
3, 1594.1
2, 1594.2
3, 1594.3
1, 1594.4
1, 1594.5
2, 1594.6
4, 1594.7
4, 1594.8
3, 1594.9
4, 1595
2, 1595.1
6, 1595.2
3, 1595.3
2, 1595.4
1, 1595.5
2, 1595.6
1, 1595.7
1, 1595.8
3, 1595.9
2, 1596
6, 1596.1
4, 1596.2
1, 1596.3
1, 1596.4
8, 1596.5
3, 1596.6
7, 1596.7
3, 1596.9
2, 1597
2, 1597.1
1, 1597.2
3, 1597.3
5, 1597.4
2, 1597.5
2, 1597.6
6, 1597.7
2, 1597.8
3, 1597.9
2, 1598
1, 1598.1
5, 1598.2
3, 1598.3
5, 1598.4
4, 1598.5
5, 1598.6
2, 1598.7
4, 1598.8
2, 1598.9
1, 1599
5, 1599.2
1, 1599.3
4, 1599.4
1, 1599.5
4, 1599.6
3, 1599.7
2, 1599.8
4, 1599.9
2, 1600.1
2, 1600.2
6, 1600.3
3, 1600.4
3, 1600.5
6, 1600.6
4, 1600.7
2, 1600.8
5, 1600.9
1, 1601
5, 1601.1
3, 1601.2
4, 1601.3
3, 1601.4
2, 1601.5
2, 1601.6
1, 1601.7
1, 1601.8
2, 1601.9
1, 1602
1, 1602.1
3, 1602.2
3, 1602.3
3, 1602.4
3, 1602.5
5, 1602.6
4, 1602.7
4, 1602.8
4, 1602.9
2, 1603
4, 1603.1
2, 1603.2
1, 1603.3
4, 1603.4
5, 1603.5
3, 1603.6
4, 1603.8
4, 1603.9
5, 1604
6, 1604.1
2, 1604.2
3, 1604.3
2, 1604.4
3, 1604.5
1, 1604.6
4, 1604.7
4, 1604.8
6, 1604.9
5, 1605
3, 1605.1
4, 1605.2
3, 1605.3
2, 1605.4
3, 1605.5
4, 1605.6
1, 1605.7
3, 1605.8
5, 1605.9
4, 1606
2, 1606.1
1, 1606.2
6, 1606.3
1, 1606.4
4, 1606.5
2, 1606.6
3, 1606.7
8, 1606.8
2, 1606.9
6, 1607
3, 1607.1
2, 1607.3
1, 1607.4
4, 1607.5
5, 1607.6
3, 1607.7
3, 1607.8
6, 1607.9
4, 1608
2, 1608.1
3, 1608.2
2, 1608.3
2, 1608.4
3, 1608.5
3, 1608.6
7, 1608.7
2, 1608.8
2, 1608.9
3, 1609
3, 1609.1
2, 1609.2
3, 1609.3
2, 1609.4
2, 1609.5
4, 1609.6
4, 1609.7
3, 1609.8
5, 1609.9
6, 1610
2, 1610.1
4, 1610.2
6, 1610.3
4, 1610.4
2, 1610.5
5, 1610.6
4, 1610.7
3, 1610.8
2, 1610.9
3, 1611
1, 1611.1
4, 1611.2
2, 1611.3
4, 1611.4
4, 1611.5
3, 1611.6
3, 1611.7
1, 1611.8
1, 1611.9
2, 1612
7, 1612.1
1, 1612.2
3, 1612.3
4, 1612.4
2, 1612.5
4, 1612.6
5, 1612.8
3, 1612.9
6, 1613
3, 1613.1
1, 1613.2
3, 1613.3
2, 1613.4
3, 1613.5
1, 1613.6
1, 1613.7
2, 1613.8
3, 1613.9
3, 1614
3, 1614.1
4, 1614.2
3, 1614.3
1, 1614.4
2, 1614.5
2, 1614.6
2, 1614.7
4, 1614.8
2, 1614.9
3, 1615
4, 1615.2
6, 1615.3
1, 1615.4
1, 1615.5
7, 1615.6
4, 1615.7
4, 1615.8
4, 1615.9
5, 1616
1, 1616.1
5, 1616.2
2, 1616.3
6, 1616.4
4, 1616.5
3, 1616.6
2, 1616.7
1, 1616.8
2, 1616.9
3, 1617
7, 1617.1
4, 1617.2
5, 1617.3
4, 1617.4
7, 1617.5
2, 1617.6
4, 1617.7
6, 1617.8
3, 1617.9
3, 1618
5, 1618.1
1, 1618.2
2, 1618.3
7, 1618.4
3, 1618.5
7, 1618.6
2, 1618.7
5, 1618.8
6, 1618.9
5, 1619
2, 1619.1
2, 1619.2
5, 1619.3
3, 1619.4
2, 1619.6
2, 1619.7
3, 1619.9
2, 1620
4, 1620.1
2, 1620.2
3, 1620.3
3, 1620.4
3, 1620.5
6, 1620.6
3, 1620.7
4, 1620.8
2, 1620.9
3, 1621
3, 1621.1
2, 1621.2
4, 1621.3
5, 1621.4
5, 1621.5
6, 1621.6
5, 1621.7
5, 1621.8
5, 1621.9
2, 1622
7, 1622.1
2, 1622.2
7, 1622.3
2, 1622.4
7, 1622.5
5, 1622.6
7, 1622.7
3, 1622.8
1, 1623
1, 1623.1
5, 1623.2
3, 1623.3
1, 1623.4
6, 1623.5
4, 1623.6
5, 1623.7
7, 1623.8
5, 1623.9
3, 1624
2, 1624.1
4, 1624.2
7, 1624.3
4, 1624.4
2, 1624.5
5, 1624.6
1, 1624.7
2, 1624.8
5, 1624.9
3, 1625
3, 1625.1
2, 1625.2
2, 1625.3
1, 1625.4
3, 1625.5
5, 1625.6
3, 1625.7
1, 1625.8
1, 1625.9
7, 1626
3, 1626.1
1, 1626.2
4, 1626.3
2, 1626.4
3, 1626.5
3, 1626.6
8, 1626.7
4, 1626.8
4, 1626.9
3, 1627
2, 1627.1
4, 1627.2
1, 1627.4
4, 1627.5
2, 1627.6
3, 1627.7
4, 1627.8
3, 1627.9
4, 1628
3, 1628.1
2, 1628.2
1, 1628.3
2, 1628.4
4, 1628.5
1, 1628.6
4, 1628.7
3, 1628.8
4, 1628.9
5, 1629
3, 1629.1
5, 1629.2
8, 1629.3
4, 1629.4
5, 1629.5
5, 1629.6
2, 1629.7
1, 1629.8
4, 1629.9
2, 1630
1, 1630.1
3, 1630.2
4, 1630.3
4, 1630.4
2, 1630.5
3, 1630.6
2, 1630.7
4, 1630.8
3, 1630.9
3, 1631
3, 1631.1
2, 1631.2
2, 1631.3
5, 1631.4
5, 1631.5
2, 1631.6
5, 1631.8
6, 1631.9
3, 1632
5, 1632.1
3, 1632.2
4, 1632.3
1, 1632.4
3, 1632.5
5, 1632.6
3, 1632.7
1, 1632.8
2, 1632.9
5, 1633
6, 1633.1
6, 1633.2
5, 1633.3
1, 1633.4
4, 1633.5
2, 1633.6
3, 1633.7
5, 1633.8
4, 1633.9
2, 1634
1, 1634.1
4, 1634.2
2, 1634.3
1, 1634.4
4, 1634.5
3, 1634.6
2, 1634.7
5, 1634.8
1, 1634.9
3, 1635
4, 1635.1
5, 1635.2
1, 1635.3
1, 1635.4
3, 1635.5
1, 1635.6
4, 1635.7
7, 1635.8
2, 1636
3, 1636.1
10, 1636.2
5, 1636.3
1, 1636.4
3, 1636.5
3, 1636.6
4, 1636.7
1, 1636.8
2, 1636.9
3, 1637
8, 1637.1
3, 1637.2
2, 1637.3
4, 1637.4
2, 1637.5
1, 1637.6
3, 1637.7
3, 1637.8
3, 1637.9
4, 1638
2, 1638.1
1, 1638.2
2, 1638.4
6, 1638.5
3, 1638.6
4, 1638.7
5, 1638.8
5, 1638.9
3, 1639
4, 1639.1
2, 1639.2
3, 1639.4
2, 1639.5
4, 1639.6
8, 1639.7
4, 1639.8
1, 1639.9
2, 1640
5, 1640.1
2, 1640.2
5, 1640.3
4, 1640.4
2, 1640.5
5, 1640.6
3, 1640.7
4, 1640.8
3, 1640.9
3, 1641
2, 1641.1
6, 1641.2
1, 1641.3
4, 1641.4
3, 1641.5
8, 1641.6
1, 1641.7
4, 1641.8
4, 1641.9
4, 1642
2, 1642.1
2, 1642.2
3, 1642.3
1, 1642.4
3, 1642.5
9, 1642.6
7, 1642.7
4, 1642.8
2, 1642.9
4, 1643
1, 1643.1
5, 1643.2
3, 1643.3
1, 1643.4
2, 1643.5
6, 1643.6
3, 1643.7
1, 1643.8
3, 1643.9
5, 1644
2, 1644.1
2, 1644.2
3, 1644.3
2, 1644.4
4, 1644.5
4, 1644.6
4, 1644.7
6, 1644.8
2, 1644.9
4, 1645
1, 1645.1
2, 1645.2
1, 1645.3
7, 1645.5
5, 1645.6
1, 1645.7
1, 1645.8
5, 1645.9
3, 1646
4, 1646.1
4, 1646.2
3, 1646.3
7, 1646.4
4, 1646.5
1, 1646.6
6, 1646.7
4, 1646.8
8, 1646.9
2, 1647
4, 1647.2
4, 1647.3
2, 1647.4
10, 1647.5
5, 1647.6
3, 1647.7
4, 1647.8
6, 1647.9
3, 1648
4, 1648.1
8, 1648.2
3, 1648.3
4, 1648.4
5, 1648.5
4, 1648.6
4, 1648.7
4, 1648.8
4, 1648.9
2, 1649
2, 1649.2
9, 1649.3
2, 1649.4
5, 1649.5
6, 1649.6
7, 1649.7
1, 1649.8
4, 1649.9
5, 1650
2, 1650.1
6, 1650.2
6, 1650.3
3, 1650.4
3, 1650.5
2, 1650.6
1, 1650.7
5, 1650.8
2, 1650.9
3, 1651
6, 1651.1
7, 1651.2
4, 1651.3
7, 1651.4
3, 1651.5
5, 1651.6
5, 1651.7
8, 1651.8
2, 1651.9
6, 1652
3, 1652.1
3, 1652.2
2, 1652.3
3, 1652.4
2, 1652.5
3, 1652.6
3, 1652.7
6, 1652.8
5, 1652.9
2, 1653
4, 1653.2
3, 1653.3
3, 1653.4
2, 1653.5
4, 1653.6
5, 1653.7
6, 1653.8
3, 1653.9
3, 1654
5, 1654.1
4, 1654.2
4, 1654.3
4, 1654.4
1, 1654.5
1, 1654.6
6, 1654.7
8, 1654.8
5, 1654.9
5, 1655
2, 1655.1
1, 1655.2
6, 1655.3
2, 1655.4
5, 1655.5
2, 1655.6
2, 1655.7
4, 1655.8
2, 1655.9
4, 1656
4, 1656.1
5, 1656.2
4, 1656.3
4, 1656.4
4, 1656.5
1, 1656.6
5, 1656.7
6, 1656.8
6, 1656.9
2, 1657
1, 1657.1
5, 1657.2
3, 1657.3
3, 1657.4
2, 1657.5
3, 1657.6
7, 1657.7
2, 1657.8
1, 1657.9
4, 1658
3, 1658.1
3, 1658.2
4, 1658.3
9, 1658.4
2, 1658.5
2, 1658.6
2, 1658.7
6, 1658.8
3, 1658.9
2, 1659
6, 1659.1
1, 1659.2
3, 1659.3
3, 1659.4
4, 1659.5
3, 1659.6
4, 1659.7
1, 1659.8
3, 1659.9
4, 1660
4, 1660.1
2, 1660.2
3, 1660.3
4, 1660.4
1, 1660.5
4, 1660.6
6, 1660.7
2, 1660.8
1, 1660.9
3, 1661
4, 1661.1
4, 1661.2
6, 1661.3
5, 1661.4
7, 1661.6
4, 1661.7
4, 1661.8
1, 1661.9
3, 1662
3, 1662.1
5, 1662.2
7, 1662.3
4, 1662.4
9, 1662.5
3, 1662.6
4, 1662.7
2, 1662.8
2, 1662.9
5, 1663
4, 1663.1
2, 1663.2
4, 1663.3
5, 1663.4
1, 1663.5
2, 1663.6
1, 1663.7
3, 1663.8
2, 1663.9
5, 1664
5, 1664.1
5, 1664.2
3, 1664.3
7, 1664.4
6, 1664.5
3, 1664.6
2, 1664.7
2, 1664.8
4, 1664.9
5, 1665
2, 1665.1
3, 1665.2
6, 1665.4
4, 1665.5
6, 1665.6
3, 1665.7
1, 1665.8
3, 1665.9
3, 1666
3, 1666.1
3, 1666.2
5, 1666.3
2, 1666.4
5, 1666.5
3, 1666.6
5, 1666.7
6, 1666.8
2, 1666.9
7, 1667
4, 1667.1
5, 1667.2
6, 1667.3
4, 1667.4
4, 1667.5
2, 1667.6
3, 1667.7
2, 1667.8
4, 1667.9
3, 1668
4, 1668.1
1, 1668.3
5, 1668.4
6, 1668.5
3, 1668.6
1, 1668.7
4, 1668.8
3, 1668.9
4, 1669
1, 1669.1
4, 1669.2
4, 1669.3
3, 1669.4
4, 1669.5
4, 1669.6
1, 1669.7
5, 1669.8
6, 1669.9
6, 1670
1, 1670.1
2, 1670.2
1, 1670.3
1, 1670.4
8, 1670.5
4, 1670.6
2, 1670.7
7, 1670.8
4, 1670.9
3, 1671
3, 1671.1
4, 1671.2
4, 1671.3
4, 1671.4
1, 1671.5
1, 1671.6
2, 1671.7
1, 1671.8
8, 1671.9
6, 1672
1, 1672.1
3, 1672.2
8, 1672.3
5, 1672.4
3, 1672.5
4, 1672.6
2, 1672.7
1, 1672.8
3, 1672.9
1, 1673
3, 1673.1
2, 1673.2
2, 1673.3
2, 1673.4
6, 1673.5
1, 1673.6
1, 1673.7
2, 1673.8
1, 1673.9
2, 1674
3, 1674.1
4, 1674.2
3, 1674.3
6, 1674.4
1, 1674.5
4, 1674.7
6, 1674.8
4, 1674.9
2, 1675
4, 1675.1
5, 1675.2
2, 1675.3
2, 1675.4
8, 1675.5
2, 1675.6
3, 1675.7
3, 1675.8
4, 1675.9
2, 1676
2, 1676.1
1, 1676.2
5, 1676.3
1, 1676.4
1, 1676.5
3, 1676.6
7, 1676.7
5, 1676.8
4, 1676.9
4, 1677
3, 1677.1
5, 1677.2
6, 1677.3
3, 1677.4
5, 1677.5
3, 1677.6
2, 1677.7
5, 1677.8
4, 1677.9
7, 1678
4, 1678.1
8, 1678.2
4, 1678.3
4, 1678.4
2, 1678.5
2, 1678.6
5, 1678.7
3, 1678.9
2, 1679
6, 1679.1
4, 1679.2
3, 1679.3
2, 1679.4
4, 1679.5
4, 1679.6
5, 1679.7
5, 1679.8
3, 1679.9
4, 1680
3, 1680.1
4, 1680.2
2, 1680.3
4, 1680.4
1, 1680.5
3, 1680.6
3, 1680.7
5, 1680.8
2, 1680.9
1, 1681
6, 1681.1
7, 1681.2
3, 1681.3
5, 1681.4
4, 1681.5
4, 1681.6
6, 1681.7
3, 1681.8
4, 1681.9
5, 1682
3, 1682.1
6, 1682.2
6, 1682.3
4, 1682.4
4, 1682.5
4, 1682.6
1, 1682.7
8, 1682.8
4, 1682.9
2, 1683
4, 1683.1
5, 1683.2
1, 1683.3
5, 1683.4
7, 1683.5
3, 1683.6
4, 1683.7
9, 1683.8
5, 1683.9
1, 1684
2, 1684.1
3, 1684.2
6, 1684.3
5, 1684.4
6, 1684.5
1, 1684.6
4, 1684.7
5, 1684.8
1, 1684.9
5, 1685
2, 1685.1
4, 1685.2
4, 1685.3
4, 1685.4
7, 1685.5
3, 1685.6
6, 1685.7
6, 1685.8
1, 1685.9
2, 1686
4, 1686.1
5, 1686.2
4, 1686.3
3, 1686.4
2, 1686.5
6, 1686.7
5, 1686.8
3, 1686.9
4, 1687
1, 1687.1
7, 1687.2
7, 1687.3
3, 1687.4
4, 1687.5
9, 1687.6
3, 1687.7
3, 1687.8
3, 1687.9
6, 1688
4, 1688.1
3, 1688.3
3, 1688.4
5, 1688.5
2, 1688.6
3, 1688.7
2, 1688.8
1, 1688.9
2, 1689
1, 1689.1
3, 1689.2
3, 1689.3
4, 1689.4
4, 1689.5
6, 1689.6
2, 1689.7
4, 1689.8
4, 1689.9
4, 1690
4, 1690.1
3, 1690.2
4, 1690.3
7, 1690.4
4, 1690.5
6, 1690.6
2, 1690.7
3, 1690.8
5, 1690.9
1, 1691
4, 1691.1
2, 1691.2
2, 1691.3
1, 1691.4
1, 1691.5
1, 1691.6
2, 1691.7
6, 1691.8
6, 1691.9
7, 1692
2, 1692.1
1, 1692.2
2, 1692.3
2, 1692.4
4, 1692.5
7, 1692.6
4, 1692.7
1, 1692.8
7, 1692.9
6, 1693
6, 1693.2
7, 1693.3
4, 1693.5
7, 1693.6
5, 1693.7
4, 1693.8
3, 1693.9
2, 1694
2, 1694.1
3, 1694.2
5, 1694.3
4, 1694.4
2, 1694.5
2, 1694.6
1, 1694.7
1, 1694.8
6, 1694.9
3, 1695
5, 1695.1
6, 1695.2
1, 1695.3
2, 1695.4
7, 1695.5
4, 1695.6
3, 1695.7
6, 1695.8
3, 1695.9
5, 1696
1, 1696.1
3, 1696.2
5, 1696.3
3, 1696.4
4, 1696.5
1, 1696.7
5, 1696.8
2, 1696.9
8, 1697
3, 1697.1
4, 1697.2
4, 1697.3
1, 1697.4
5, 1697.5
3, 1697.6
4, 1697.7
2, 1697.8
3, 1697.9
2, 1698
4, 1698.1
3, 1698.2
3, 1698.3
8, 1698.4
6, 1698.5
5, 1698.6
1, 1698.7
1, 1698.8
4, 1698.9
4, 1699
2, 1699.1
4, 1699.2
2, 1699.3
7, 1699.4
7, 1699.5
2, 1699.6
3, 1699.7
3, 1699.8
5, 1699.9
3, 1700
4, 1700.1
3, 1700.2
4, 1700.3
6, 1700.4
4, 1700.5
3, 1700.6
4, 1700.7
2, 1700.8
6, 1700.9
3, 1701
3, 1701.1
3, 1701.2
3, 1701.3
2, 1701.4
2, 1701.5
2, 1701.6
2, 1701.7
8, 1701.8
3, 1701.9
2, 1702
7, 1702.1
2, 1702.2
6, 1702.3
6, 1702.4
5, 1702.5
3, 1702.6
3, 1702.7
2, 1702.8
2, 1702.9
2, 1703
4, 1703.1
3, 1703.2
4, 1703.3
4, 1703.4
2, 1703.5
3, 1703.6
1, 1703.7
4, 1703.8
2, 1703.9
2, 1704
6, 1704.1
5, 1704.2
1, 1704.3
4, 1704.4
3, 1704.5
3, 1704.6
4, 1704.7
4, 1704.8
1, 1704.9
3, 1705
4, 1705.1
4, 1705.2
4, 1705.3
5, 1705.4
5, 1705.5
6, 1705.6
3, 1705.7
6, 1705.8
6, 1705.9
2, 1706
2, 1706.2
3, 1706.3
2, 1706.4
4, 1706.5
3, 1706.6
5, 1706.7
2, 1706.8
2, 1706.9
7, 1707
7, 1707.1
4, 1707.2
3, 1707.3
5, 1707.4
6, 1707.5
3, 1707.6
6, 1707.7
1, 1707.8
6, 1707.9
1, 1708
1, 1708.1
6, 1708.2
6, 1708.3
3, 1708.4
6, 1708.5
3, 1708.6
6, 1708.7
3, 1708.8
5, 1708.9
5, 1709
1, 1709.1
4, 1709.2
3, 1709.3
5, 1709.4
2, 1709.5
5, 1709.6
7, 1709.7
6, 1709.8
4, 1709.9
3, 1710
3, 1710.1
8, 1710.2
3, 1710.3
3, 1710.4
3, 1710.5
7, 1710.6
4, 1710.7
2, 1710.8
4, 1710.9
6, 1711
1, 1711.1
2, 1711.2
1, 1711.3
4, 1711.4
5, 1711.5
5, 1711.6
5, 1711.7
5, 1711.8
2, 1711.9
7, 1712
3, 1712.1
6, 1712.2
7, 1712.3
4, 1712.4
3, 1712.5
3, 1712.6
5, 1712.7
5, 1712.8
6, 1712.9
2, 1713
4, 1713.1
3, 1713.2
3, 1713.3
4, 1713.4
3, 1713.5
3, 1713.6
1, 1713.7
7, 1713.8
2, 1713.9
6, 1714
9, 1714.1
2, 1714.2
3, 1714.3
1, 1714.4
7, 1714.5
4, 1714.6
2, 1714.7
2, 1714.8
1, 1714.9
4, 1715
4, 1715.1
3, 1715.2
7, 1715.3
4, 1715.4
4, 1715.5
3, 1715.6
5, 1715.7
7, 1715.8
1, 1715.9
3, 1716
2, 1716.1
4, 1716.2
7, 1716.3
1, 1716.4
1, 1716.5
2, 1716.6
1, 1716.7
7, 1716.8
4, 1716.9
2, 1717
2, 1717.1
3, 1717.2
3, 1717.3
4, 1717.4
8, 1717.5
6, 1717.6
2, 1717.7
2, 1717.8
2, 1717.9
3, 1718
3, 1718.1
6, 1718.2
3, 1718.3
2, 1718.4
4, 1718.5
1, 1718.6
3, 1718.7
1, 1718.8
4, 1718.9
2, 1719
9, 1719.1
4, 1719.2
3, 1719.3
5, 1719.4
1, 1719.5
3, 1719.6
6, 1719.7
1, 1719.8
2, 1719.9
2, 1720
4, 1720.1
6, 1720.2
5, 1720.3
6, 1720.4
2, 1720.5
3, 1720.6
4, 1720.7
2, 1720.8
3, 1720.9
1, 1721
4, 1721.1
8, 1721.2
2, 1721.3
5, 1721.4
6, 1721.5
2, 1721.6
6, 1721.7
4, 1721.8
4, 1721.9
5, 1722
4, 1722.1
4, 1722.2
2, 1722.3
5, 1722.4
5, 1722.5
2, 1722.6
3, 1722.7
3, 1722.8
4, 1722.9
4, 1723
4, 1723.1
8, 1723.2
5, 1723.3
2, 1723.4
4, 1723.5
5, 1723.6
5, 1723.7
5, 1723.8
1, 1723.9
3, 1724
3, 1724.1
3, 1724.2
5, 1724.3
4, 1724.4
1, 1724.5
5, 1724.6
4, 1724.7
1, 1724.8
5, 1724.9
4, 1725
3, 1725.1
3, 1725.2
1, 1725.3
4, 1725.4
4, 1725.5
6, 1725.6
4, 1725.7
2, 1725.8
3, 1725.9
2, 1726
2, 1726.1
4, 1726.2
4, 1726.3
2, 1726.4
7, 1726.5
5, 1726.6
2, 1726.7
6, 1726.8
4, 1726.9
6, 1727
5, 1727.1
3, 1727.2
8, 1727.3
3, 1727.4
5, 1727.5
7, 1727.6
5, 1727.7
1, 1727.8
3, 1727.9
3, 1728
1, 1728.1
3, 1728.2
5, 1728.3
7, 1728.4
5, 1728.5
5, 1728.6
3, 1728.7
3, 1728.8
4, 1728.9
4, 1729
10, 1729.1
3, 1729.2
4, 1729.3
2, 1729.4
2, 1729.5
6, 1729.6
1, 1729.8
1, 1729.9
7, 1730
3, 1730.1
5, 1730.2
9, 1730.3
5, 1730.4
2, 1730.5
7, 1730.6
3, 1730.7
3, 1730.8
3, 1730.9
7, 1731
3, 1731.2
3, 1731.3
5, 1731.4
7, 1731.5
3, 1731.6
5, 1731.7
4, 1731.8
8, 1731.9
5, 1732
4, 1732.1
2, 1732.2
7, 1732.3
4, 1732.4
6, 1732.6
1, 1732.7
6, 1732.8
4, 1732.9
5, 1733
4, 1733.1
6, 1733.2
5, 1733.3
7, 1733.4
4, 1733.5
4, 1733.6
4, 1733.7
2, 1733.8
2, 1733.9
1, 1734
4, 1734.1
4, 1734.2
3, 1734.3
9, 1734.4
8, 1734.5
4, 1734.6
4, 1734.7
3, 1734.8
2, 1734.9
4, 1735
6, 1735.1
3, 1735.2
3, 1735.3
6, 1735.4
4, 1735.5
5, 1735.6
2, 1735.7
1, 1735.8
3, 1735.9
4, 1736
5, 1736.1
3, 1736.2
6, 1736.3
5, 1736.4
6, 1736.5
5, 1736.6
5, 1736.7
4, 1736.8
4, 1736.9
2, 1737
4, 1737.1
3, 1737.3
3, 1737.4
4, 1737.5
6, 1737.6
8, 1737.8
6, 1737.9
2, 1738
2, 1738.1
2, 1738.2
3, 1738.3
5, 1738.4
1, 1738.5
5, 1738.6
6, 1738.7
5, 1738.8
5, 1738.9
5, 1739
4, 1739.1
4, 1739.2
2, 1739.3
10, 1739.4
3, 1739.5
1, 1739.6
2, 1739.7
5, 1739.8
2, 1739.9
1, 1740
7, 1740.1
2, 1740.2
4, 1740.3
3, 1740.4
4, 1740.5
5, 1740.6
2, 1740.7
5, 1740.8
2, 1740.9
5, 1741
6, 1741.1
1, 1741.2
5, 1741.3
3, 1741.4
4, 1741.5
4, 1741.6
5, 1741.7
2, 1741.8
1, 1741.9
2, 1742
9, 1742.1
7, 1742.2
6, 1742.3
8, 1742.4
6, 1742.5
3, 1742.6
5, 1742.7
4, 1742.8
3, 1742.9
8, 1743
4, 1743.1
5, 1743.2
5, 1743.3
7, 1743.4
3, 1743.5
2, 1743.6
5, 1743.7
7, 1743.8
4, 1743.9
3, 1744
2, 1744.1
5, 1744.2
4, 1744.3
8, 1744.4
2, 1744.5
4, 1744.6
2, 1744.7
1, 1744.8
3, 1744.9
7, 1745
3, 1745.1
6, 1745.2
5, 1745.3
2, 1745.4
1, 1745.5
6, 1745.6
2, 1745.7
3, 1745.8
5, 1745.9
3, 1746
3, 1746.1
1, 1746.2
7, 1746.3
3, 1746.4
3, 1746.5
6, 1746.6
3, 1746.7
4, 1746.8
2, 1747
6, 1747.1
1, 1747.2
8, 1747.3
1, 1747.4
4, 1747.5
8, 1747.6
3, 1747.7
4, 1747.8
3, 1747.9
2, 1748
3, 1748.1
7, 1748.2
4, 1748.3
3, 1748.4
4, 1748.5
2, 1748.7
2, 1748.8
5, 1748.9
2, 1749
4, 1749.1
2, 1749.2
4, 1749.3
4, 1749.4
1, 1749.5
6, 1749.6
2, 1749.7
1, 1749.9
5, 1750
5, 1750.1
1, 1750.2
4, 1750.3
4, 1750.4
3, 1750.5
3, 1750.6
2, 1750.7
7, 1750.8
5, 1750.9
5, 1751
4, 1751.1
1, 1751.2
7, 1751.3
3, 1751.4
3, 1751.5
2, 1751.6
1, 1751.7
1, 1751.8
8, 1751.9
5, 1752
4, 1752.1
3, 1752.2
1, 1752.3
4, 1752.4
7, 1752.5
2, 1752.6
4, 1752.7
6, 1752.8
4, 1752.9
4, 1753
5, 1753.1
1, 1753.2
5, 1753.3
1, 1753.4
3, 1753.5
6, 1753.6
3, 1753.7
3, 1753.8
5, 1753.9
5, 1754
4, 1754.1
5, 1754.2
6, 1754.3
3, 1754.4
3, 1754.5
6, 1754.6
7, 1754.7
4, 1754.8
6, 1754.9
5, 1755
4, 1755.1
3, 1755.2
6, 1755.3
5, 1755.4
3, 1755.5
7, 1755.6
5, 1755.7
2, 1755.8
4, 1755.9
4, 1756
4, 1756.1
6, 1756.2
2, 1756.3
3, 1756.4
3, 1756.5
7, 1756.6
2, 1756.7
3, 1756.8
6, 1756.9
1, 1757
3, 1757.1
4, 1757.2
4, 1757.3
6, 1757.4
3, 1757.5
5, 1757.6
2, 1757.7
2, 1757.8
2, 1757.9
3, 1758
4, 1758.1
1, 1758.2
4, 1758.3
6, 1758.4
5, 1758.5
7, 1758.6
3, 1758.7
3, 1758.8
3, 1758.9
2, 1759
5, 1759.1
7, 1759.2
7, 1759.3
4, 1759.4
4, 1759.5
7, 1759.6
5, 1759.7
2, 1759.8
4, 1759.9
1, 1760
10, 1760.1
3, 1760.3
1, 1760.4
3, 1760.5
8, 1760.6
5, 1760.7
6, 1760.8
4, 1760.9
7, 1761
3, 1761.1
6, 1761.2
3, 1761.3
2, 1761.4
8, 1761.5
5, 1761.6
3, 1761.7
3, 1761.8
6, 1761.9
6, 1762
1, 1762.1
1, 1762.2
2, 1762.3
2, 1762.4
2, 1762.5
2, 1762.6
5, 1762.7
3, 1762.8
2, 1762.9
4, 1763
5, 1763.1
1, 1763.2
5, 1763.3
5, 1763.4
2, 1763.5
5, 1763.6
8, 1763.7
2, 1763.8
5, 1763.9
2, 1764
3, 1764.1
5, 1764.2
7, 1764.3
1, 1764.4
6, 1764.5
8, 1764.6
3, 1764.7
2, 1764.8
8, 1764.9
1, 1765
3, 1765.1
2, 1765.2
4, 1765.3
2, 1765.4
3, 1765.5
6, 1765.6
1, 1765.7
2, 1765.8
4, 1765.9
6, 1766
3, 1766.1
4, 1766.2
1, 1766.3
4, 1766.4
2, 1766.5
4, 1766.6
6, 1766.7
4, 1766.8
2, 1766.9
1, 1767
2, 1767.1
5, 1767.2
5, 1767.3
5, 1767.4
4, 1767.5
5, 1767.6
2, 1767.7
4, 1767.8
4, 1767.9
6, 1768
4, 1768.1
6, 1768.2
7, 1768.3
2, 1768.4
8, 1768.5
3, 1768.6
4, 1768.7
2, 1768.8
3, 1768.9
7, 1769
6, 1769.1
5, 1769.2
2, 1769.3
7, 1769.4
6, 1769.5
1, 1769.6
3, 1769.7
4, 1769.8
2, 1769.9
5, 1770
7, 1770.1
6, 1770.2
6, 1770.3
3, 1770.4
7, 1770.5
7, 1770.6
3, 1770.7
6, 1770.8
1, 1770.9
3, 1771
8, 1771.1
6, 1771.2
3, 1771.3
6, 1771.4
5, 1771.5
2, 1771.7
2, 1771.8
6, 1771.9
4, 1772
6, 1772.1
2, 1772.2
2, 1772.3
3, 1772.4
3, 1772.5
8, 1772.6
6, 1772.7
1, 1772.8
3, 1772.9
2, 1773
4, 1773.1
5, 1773.2
4, 1773.3
6, 1773.4
2, 1773.5
8, 1773.6
2, 1773.7
2, 1773.8
3, 1773.9
4, 1774
6, 1774.1
2, 1774.2
3, 1774.3
5, 1774.4
5, 1774.5
4, 1774.6
3, 1774.7
7, 1774.8
4, 1774.9
1, 1775
9, 1775.1
4, 1775.2
5, 1775.3
4, 1775.4
4, 1775.5
4, 1775.6
7, 1775.7
5, 1775.8
2, 1775.9
6, 1776
6, 1776.1
6, 1776.2
3, 1776.3
3, 1776.4
6, 1776.5
5, 1776.6
3, 1776.7
4, 1776.8
5, 1776.9
8, 1777
3, 1777.1
6, 1777.2
1, 1777.3
2, 1777.4
6, 1777.5
8, 1777.6
6, 1777.7
3, 1777.8
8, 1777.9
1, 1778
3, 1778.1
6, 1778.2
3, 1778.3
7, 1778.4
2, 1778.5
2, 1778.6
6, 1778.8
3, 1778.9
5, 1779
5, 1779.2
3, 1779.3
2, 1779.4
5, 1779.5
3, 1779.6
2, 1779.7
3, 1779.8
6, 1779.9
3, 1780
6, 1780.1
3, 1780.2
9, 1780.3
1, 1780.4
4, 1780.5
6, 1780.6
10, 1780.7
2, 1780.8
4, 1781
4, 1781.1
5, 1781.2
7, 1781.3
5, 1781.4
3, 1781.5
5, 1781.6
4, 1781.7
4, 1781.8
3, 1781.9
4, 1782
4, 1782.1
4, 1782.2
2, 1782.3
4, 1782.4
2, 1782.5
6, 1782.6
3, 1782.7
6, 1782.8
6, 1782.9
5, 1783
4, 1783.1
3, 1783.2
3, 1783.3
5, 1783.4
2, 1783.5
6, 1783.6
7, 1783.7
7, 1783.8
4, 1783.9
1, 1784
2, 1784.1
3, 1784.2
4, 1784.3
5, 1784.4
4, 1784.6
4, 1784.7
1, 1784.8
7, 1784.9
5, 1785
5, 1785.1
3, 1785.2
9, 1785.3
2, 1785.4
5, 1785.5
6, 1785.6
4, 1785.7
6, 1785.8
4, 1785.9
4, 1786
5, 1786.1
6, 1786.2
3, 1786.3
3, 1786.4
2, 1786.5
5, 1786.6
4, 1786.7
4, 1786.8
7, 1786.9
5, 1787
2, 1787.1
3, 1787.2
5, 1787.3
2, 1787.4
3, 1787.5
5, 1787.6
2, 1787.7
6, 1787.8
2, 1787.9
5, 1788
5, 1788.1
6, 1788.2
2, 1788.3
1, 1788.4
2, 1788.5
7, 1788.6
6, 1788.7
4, 1788.8
3, 1788.9
6, 1789
5, 1789.1
6, 1789.2
1, 1789.3
3, 1789.4
4, 1789.5
4, 1789.6
5, 1789.7
4, 1789.8
3, 1789.9
6, 1790
4, 1790.1
1, 1790.2
8, 1790.3
4, 1790.4
8, 1790.5
5, 1790.6
2, 1790.7
5, 1790.8
4, 1790.9
5, 1791
2, 1791.1
7, 1791.2
5, 1791.3
3, 1791.4
4, 1791.5
1, 1791.6
3, 1791.7
4, 1791.8
4, 1791.9
7, 1792
2, 1792.1
3, 1792.2
3, 1792.3
2, 1792.4
4, 1792.5
3, 1792.6
2, 1792.7
2, 1792.8
9, 1792.9
2, 1793
6, 1793.1
3, 1793.2
3, 1793.3
3, 1793.4
7, 1793.5
4, 1793.6
5, 1793.7
3, 1793.8
7, 1793.9
2, 1794
5, 1794.1
1, 1794.2
1, 1794.3
7, 1794.4
4, 1794.5
2, 1794.6
2, 1794.7
2, 1794.8
3, 1794.9
5, 1795
4, 1795.1
3, 1795.2
3, 1795.3
7, 1795.4
9, 1795.5
3, 1795.6
3, 1795.7
2, 1795.8
9, 1795.9
6, 1796
3, 1796.1
5, 1796.2
5, 1796.3
1, 1796.4
3, 1796.5
4, 1796.6
3, 1796.7
7, 1796.8
6, 1796.9
1, 1797
5, 1797.1
4, 1797.2
3, 1797.3
1, 1797.4
4, 1797.5
2, 1797.6
5, 1797.7
7, 1797.8
8, 1797.9
3, 1798
8, 1798.1
5, 1798.2
1, 1798.3
6, 1798.4
5, 1798.6
3, 1798.7
4, 1798.8
7, 1798.9
2, 1799
3, 1799.1
5, 1799.2
2, 1799.4
4, 1799.5
4, 1799.6
2, 1799.7
7, 1799.8
5, 1799.9
2, 1800
1, 1800.1
3, 1800.2
1, 1800.3
4, 1800.4
10, 1800.5
4, 1800.6
4, 1800.7
2, 1800.9
6, 1801
3, 1801.1
4, 1801.2
7, 1801.3
4, 1801.4
8, 1801.5
5, 1801.6
5, 1801.7
7, 1801.8
4, 1801.9
5, 1802
2, 1802.1
4, 1802.2
3, 1802.3
3, 1802.4
4, 1802.5
1, 1802.6
5, 1802.7
5, 1802.8
5, 1802.9
4, 1803
7, 1803.1
1, 1803.2
2, 1803.3
8, 1803.4
8, 1803.5
6, 1803.6
6, 1803.7
7, 1803.8
8, 1803.9
7, 1804
3, 1804.1
7, 1804.2
2, 1804.3
3, 1804.4
5, 1804.5
6, 1804.6
3, 1804.7
4, 1804.8
5, 1804.9
3, 1805
3, 1805.1
3, 1805.2
1, 1805.3
6, 1805.4
2, 1805.5
4, 1805.6
6, 1805.7
3, 1805.8
4, 1805.9
2, 1806
4, 1806.1
3, 1806.2
6, 1806.3
5, 1806.4
8, 1806.5
8, 1806.6
3, 1806.7
7, 1806.8
4, 1806.9
2, 1807
3, 1807.1
6, 1807.2
4, 1807.3
5, 1807.4
1, 1807.5
6, 1807.6
3, 1807.7
3, 1807.8
1, 1807.9
4, 1808
7, 1808.1
3, 1808.2
4, 1808.3
1, 1808.4
3, 1808.5
3, 1808.6
3, 1808.7
5, 1808.8
7, 1808.9
2, 1809
2, 1809.1
6, 1809.2
7, 1809.3
5, 1809.4
6, 1809.5
9, 1809.6
5, 1809.7
4, 1809.8
6, 1809.9
7, 1810
5, 1810.1
6, 1810.2
4, 1810.3
3, 1810.4
5, 1810.5
6, 1810.6
4, 1810.7
3, 1810.8
4, 1810.9
4, 1811
5, 1811.1
2, 1811.2
6, 1811.3
3, 1811.4
3, 1811.5
5, 1811.6
1, 1811.7
9, 1811.8
3, 1811.9
2, 1812
3, 1812.1
5, 1812.2
6, 1812.4
3, 1812.5
6, 1812.6
4, 1812.7
4, 1812.8
5, 1812.9
6, 1813
9, 1813.1
2, 1813.2
5, 1813.3
5, 1813.4
6, 1813.5
5, 1813.6
8, 1813.8
5, 1813.9
4, 1814
4, 1814.1
8, 1814.2
5, 1814.3
4, 1814.4
3, 1814.5
7, 1814.6
2, 1814.7
1, 1814.8
5, 1814.9
4, 1815
6, 1815.1
1, 1815.2
3, 1815.3
3, 1815.4
2, 1815.5
3, 1815.6
7, 1815.7
2, 1815.8
2, 1815.9
10, 1816
4, 1816.1
6, 1816.2
8, 1816.3
7, 1816.4
5, 1816.5
4, 1816.6
1, 1816.7
4, 1816.8
3, 1816.9
4, 1817
4, 1817.1
2, 1817.2
5, 1817.3
3, 1817.4
3, 1817.5
4, 1817.6
5, 1817.7
3, 1817.8
6, 1817.9
1, 1818
3, 1818.1
4, 1818.2
4, 1818.3
2, 1818.4
5, 1818.5
3, 1818.6
6, 1818.7
2, 1818.8
5, 1818.9
6, 1819
4, 1819.1
4, 1819.2
5, 1819.3
4, 1819.4
7, 1819.5
4, 1819.6
2, 1819.7
6, 1819.8
5, 1819.9
4, 1820
5, 1820.1
2, 1820.2
5, 1820.3
8, 1820.4
2, 1820.5
7, 1820.6
7, 1820.7
3, 1820.8
3, 1820.9
2, 1821
5, 1821.1
2, 1821.2
5, 1821.3
3, 1821.4
3, 1821.5
2, 1821.6
7, 1821.7
8, 1821.8
7, 1821.9
1, 1822
3, 1822.1
5, 1822.2
1, 1822.3
5, 1822.4
6, 1822.5
2, 1822.6
3, 1822.7
4, 1822.8
2, 1822.9
2, 1823
9, 1823.1
5, 1823.2
6, 1823.3
3, 1823.4
5, 1823.5
5, 1823.6
9, 1823.7
8, 1823.8
6, 1823.9
2, 1824
5, 1824.1
1, 1824.2
4, 1824.3
3, 1824.4
5, 1824.5
4, 1824.6
3, 1824.7
4, 1824.8
4, 1824.9
6, 1825
8, 1825.1
10, 1825.2
7, 1825.3
6, 1825.4
3, 1825.5
3, 1825.6
4, 1825.7
7, 1825.9
3, 1826
4, 1826.1
9, 1826.2
6, 1826.3
2, 1826.4
3, 1826.5
6, 1826.6
3, 1826.7
2, 1826.8
6, 1826.9
5, 1827
4, 1827.1
1, 1827.2
5, 1827.3
4, 1827.4
2, 1827.5
5, 1827.6
7, 1827.7
7, 1827.8
5, 1827.9
6, 1828
6, 1828.1
6, 1828.2
3, 1828.3
2, 1828.4
2, 1828.5
4, 1828.6
2, 1828.7
6, 1828.8
3, 1828.9
1, 1829
5, 1829.1
4, 1829.2
2, 1829.3
3, 1829.4
3, 1829.5
7, 1829.6
3, 1829.7
4, 1829.8
4, 1829.9
3, 1830
6, 1830.1
5, 1830.2
2, 1830.3
3, 1830.4
4, 1830.5
3, 1830.6
3, 1830.7
4, 1830.9
6, 1831
6, 1831.1
4, 1831.2
3, 1831.3
4, 1831.4
6, 1831.5
3, 1831.6
4, 1831.7
6, 1831.8
2, 1831.9
3, 1832
5, 1832.1
1, 1832.2
6, 1832.3
6, 1832.4
7, 1832.5
2, 1832.6
5, 1832.7
6, 1832.8
3, 1832.9
3, 1833
4, 1833.1
5, 1833.2
1, 1833.3
5, 1833.4
4, 1833.5
8, 1833.6
5, 1833.7
4, 1833.8
8, 1833.9
5, 1834
4, 1834.1
3, 1834.2
2, 1834.3
4, 1834.4
6, 1834.5
7, 1834.6
4, 1834.7
1, 1834.8
6, 1834.9
4, 1835
6, 1835.1
6, 1835.2
8, 1835.3
3, 1835.4
5, 1835.5
1, 1835.6
5, 1835.7
2, 1835.8
1, 1835.9
1, 1836
5, 1836.1
1, 1836.2
8, 1836.3
6, 1836.4
5, 1836.5
3, 1836.6
7, 1836.7
1, 1836.8
6, 1836.9
8, 1837
1, 1837.1
6, 1837.2
4, 1837.3
4, 1837.4
3, 1837.5
8, 1837.6
2, 1837.7
1, 1837.8
3, 1837.9
6, 1838
5, 1838.1
2, 1838.2
5, 1838.3
1, 1838.4
4, 1838.5
1, 1838.6
7, 1838.7
2, 1838.8
8, 1838.9
4, 1839
3, 1839.1
1, 1839.2
8, 1839.3
3, 1839.4
5, 1839.5
3, 1839.6
5, 1839.7
5, 1839.8
5, 1839.9
2, 1840
2, 1840.1
3, 1840.2
2, 1840.3
3, 1840.4
1, 1840.5
5, 1840.6
7, 1840.7
4, 1840.8
7, 1840.9
8, 1841
7, 1841.1
3, 1841.2
5, 1841.3
1, 1841.4
9, 1841.5
2, 1841.6
5, 1841.7
6, 1841.8
5, 1841.9
4, 1842
3, 1842.1
4, 1842.2
3, 1842.3
4, 1842.4
3, 1842.5
6, 1842.6
4, 1842.7
2, 1842.8
2, 1842.9
4, 1843
2, 1843.1
7, 1843.2
2, 1843.3
2, 1843.4
4, 1843.5
6, 1843.6
5, 1843.7
3, 1843.8
3, 1843.9
2, 1844
2, 1844.1
5, 1844.2
4, 1844.3
7, 1844.4
6, 1844.5
3, 1844.6
5, 1844.7
5, 1844.8
3, 1844.9
6, 1845
4, 1845.1
6, 1845.2
1, 1845.3
9, 1845.4
4, 1845.5
4, 1845.6
4, 1845.7
3, 1845.8
8, 1845.9
1, 1846
11, 1846.1
3, 1846.2
1, 1846.3
6, 1846.4
5, 1846.5
6, 1846.6
4, 1846.7
2, 1846.8
8, 1846.9
5, 1847
6, 1847.1
3, 1847.2
3, 1847.3
7, 1847.5
3, 1847.6
2, 1847.7
6, 1847.8
5, 1847.9
3, 1848
3, 1848.1
8, 1848.2
2, 1848.3
3, 1848.4
7, 1848.5
3, 1848.6
3, 1848.7
5, 1848.8
5, 1848.9
6, 1849
3, 1849.1
6, 1849.2
4, 1849.3
6, 1849.4
2, 1849.5
3, 1849.6
3, 1849.7
1, 1849.8
6, 1849.9
4, 1850
1, 1850.1
4, 1850.2
3, 1850.3
4, 1850.4
8, 1850.5
4, 1850.6
7, 1850.7
1, 1850.8
3, 1850.9
4, 1851
2, 1851.1
3, 1851.2
1, 1851.3
6, 1851.4
4, 1851.5
3, 1851.6
7, 1851.7
2, 1851.8
2, 1851.9
1, 1852
4, 1852.1
2, 1852.2
2, 1852.3
3, 1852.4
7, 1852.5
3, 1852.6
7, 1852.7
8, 1852.8
4, 1852.9
5, 1853
3, 1853.1
8, 1853.2
10, 1853.3
4, 1853.4
3, 1853.5
5, 1853.6
2, 1853.7
4, 1853.8
8, 1853.9
5, 1854
4, 1854.1
8, 1854.2
2, 1854.3
7, 1854.4
7, 1854.5
10, 1854.6
2, 1854.7
2, 1854.8
3, 1854.9
1, 1855
4, 1855.1
5, 1855.2
1, 1855.3
5, 1855.4
4, 1855.5
4, 1855.6
4, 1855.7
4, 1855.8
2, 1855.9
4, 1856
1, 1856.1
4, 1856.2
4, 1856.3
5, 1856.4
3, 1856.5
3, 1856.6
5, 1856.7
4, 1856.8
4, 1856.9
4, 1857
8, 1857.1
4, 1857.2
9, 1857.3
5, 1857.4
2, 1857.5
3, 1857.6
5, 1857.7
9, 1857.8
5, 1857.9
2, 1858
5, 1858.1
5, 1858.2
1, 1858.3
3, 1858.4
5, 1858.5
7, 1858.6
4, 1858.7
3, 1858.8
7, 1858.9
3, 1859
6, 1859.1
7, 1859.2
6, 1859.3
3, 1859.4
2, 1859.5
5, 1859.6
4, 1859.7
4, 1859.8
6, 1859.9
5, 1860
2, 1860.1
2, 1860.2
2, 1860.3
3, 1860.4
5, 1860.5
5, 1860.6
4, 1860.7
9, 1860.8
9, 1860.9
6, 1861
7, 1861.1
3, 1861.2
4, 1861.3
3, 1861.4
4, 1861.5
9, 1861.6
6, 1861.7
2, 1861.8
3, 1861.9
6, 1862
5, 1862.1
6, 1862.2
2, 1862.3
4, 1862.4
1, 1862.5
4, 1862.6
2, 1862.7
3, 1862.8
2, 1862.9
2, 1863
8, 1863.1
2, 1863.2
7, 1863.3
2, 1863.4
4, 1863.5
7, 1863.6
4, 1863.8
4, 1863.9
6, 1864
6, 1864.1
3, 1864.2
3, 1864.3
5, 1864.4
2, 1864.5
2, 1864.6
9, 1864.7
6, 1864.9
9, 1865
4, 1865.1
6, 1865.2
1, 1865.3
4, 1865.4
3, 1865.5
8, 1865.6
5, 1865.7
4, 1865.9
3, 1866
2, 1866.1
7, 1866.2
2, 1866.3
7, 1866.4
6, 1866.5
4, 1866.6
9, 1866.7
7, 1866.8
5, 1866.9
6, 1867
3, 1867.1
5, 1867.2
5, 1867.3
5, 1867.4
7, 1867.5
5, 1867.6
5, 1867.7
1, 1867.8
5, 1867.9
3, 1868
6, 1868.1
2, 1868.2
5, 1868.3
2, 1868.4
3, 1868.5
6, 1868.6
5, 1868.7
1, 1868.8
8, 1868.9
7, 1869
1, 1869.1
6, 1869.2
6, 1869.3
2, 1869.4
6, 1869.5
2, 1869.6
8, 1869.7
5, 1869.8
4, 1869.9
2, 1870
5, 1870.1
4, 1870.2
4, 1870.3
4, 1870.4
2, 1870.5
1, 1870.6
2, 1870.7
2, 1870.8
3, 1870.9
3, 1871
4, 1871.1
8, 1871.2
3, 1871.3
4, 1871.4
5, 1871.5
4, 1871.6
3, 1871.7
7, 1871.8
6, 1871.9
7, 1872
3, 1872.1
4, 1872.2
6, 1872.3
5, 1872.4
7, 1872.5
4, 1872.6
3, 1872.7
3, 1872.8
4, 1872.9
1, 1873
1, 1873.1
5, 1873.2
2, 1873.3
7, 1873.4
5, 1873.5
1, 1873.6
5, 1873.7
6, 1873.8
1, 1873.9
4, 1874
6, 1874.1
4, 1874.2
9, 1874.3
7, 1874.4
5, 1874.5
6, 1874.6
2, 1874.7
7, 1874.8
7, 1874.9
3, 1875
4, 1875.1
2, 1875.2
4, 1875.3
2, 1875.4
1, 1875.5
4, 1875.6
2, 1875.7
5, 1875.8
5, 1875.9
3, 1876
6, 1876.1
3, 1876.2
5, 1876.3
3, 1876.4
3, 1876.5
1, 1876.6
2, 1876.7
6, 1876.8
1, 1876.9
3, 1877
2, 1877.1
2, 1877.2
4, 1877.3
2, 1877.4
3, 1877.5
4, 1877.6
3, 1877.7
4, 1877.8
5, 1877.9
5, 1878
4, 1878.1
2, 1878.4
3, 1878.5
5, 1878.6
4, 1878.7
2, 1878.8
2, 1878.9
5, 1879
3, 1879.1
4, 1879.2
5, 1879.3
2, 1879.4
2, 1879.5
4, 1879.6
4, 1879.7
10, 1879.8
8, 1879.9
3, 1880
3, 1880.1
2, 1880.2
4, 1880.3
3, 1880.4
6, 1880.5
4, 1880.6
6, 1880.7
8, 1880.8
1, 1880.9
4, 1881
2, 1881.1
3, 1881.2
4, 1881.3
4, 1881.4
7, 1881.5
5, 1881.6
5, 1881.7
3, 1881.8
4, 1881.9
3, 1882
2, 1882.1
6, 1882.2
1, 1882.3
8, 1882.4
4, 1882.5
6, 1882.6
2, 1882.7
5, 1882.8
2, 1882.9
5, 1883
2, 1883.1
1, 1883.2
3, 1883.3
2, 1883.4
3, 1883.5
8, 1883.6
5, 1883.7
1, 1883.8
2, 1883.9
3, 1884.1
3, 1884.2
6, 1884.3
5, 1884.4
4, 1884.5
3, 1884.6
2, 1884.7
2, 1884.8
1, 1884.9
4, 1885
5, 1885.1
5, 1885.2
2, 1885.3
5, 1885.4
8, 1885.5
3, 1885.6
2, 1885.7
5, 1885.8
2, 1885.9
4, 1886
4, 1886.1
5, 1886.2
4, 1886.3
2, 1886.4
7, 1886.5
7, 1886.6
3, 1886.7
1, 1886.9
2, 1887
2, 1887.1
4, 1887.2
4, 1887.3
3, 1887.4
2, 1887.5
2, 1887.6
8, 1887.7
2, 1887.8
5, 1887.9
3, 1888
1, 1888.1
5, 1888.2
5, 1888.4
1, 1888.5
1, 1888.6
3, 1888.7
4, 1888.8
2, 1888.9
8, 1889.1
3, 1889.2
4, 1889.3
3, 1889.5
7, 1889.6
3, 1889.8
1, 1889.9
8, 1890
7, 1890.1
4, 1890.2
2, 1890.3
3, 1890.4
4, 1890.5
3, 1890.6
2, 1890.7
5, 1890.8
6, 1890.9
3, 1891
1, 1891.1
5, 1891.2
4, 1891.3
4, 1891.5
2, 1891.6
4, 1891.7
8, 1891.8
1, 1891.9
6, 1892
6, 1892.1
4, 1892.2
1, 1892.3
7, 1892.4
4, 1892.5
4, 1892.6
3, 1892.7
6, 1892.8
8, 1892.9
2, 1893
3, 1893.1
4, 1893.2
4, 1893.3
2, 1893.4
3, 1893.5
3, 1893.7
5, 1893.8
3, 1893.9
3, 1894
3, 1894.1
2, 1894.2
1, 1894.3
8, 1894.4
2, 1894.5
5, 1894.6
4, 1894.7
6, 1894.8
4, 1894.9
6, 1895
4, 1895.1
7, 1895.2
4, 1895.3
8, 1895.4
4, 1895.5
4, 1895.6
5, 1895.7
1, 1895.8
2, 1895.9
1, 1896
3, 1896.1
3, 1896.2
4, 1896.3
1, 1896.4
1, 1896.5
8, 1896.6
4, 1896.7
4, 1896.8
2, 1896.9
5, 1897
5, 1897.1
3, 1897.2
5, 1897.3
2, 1897.4
4, 1897.5
4, 1897.6
7, 1897.7
4, 1897.8
6, 1897.9
2, 1898
5, 1898.1
3, 1898.2
3, 1898.3
3, 1898.4
6, 1898.5
3, 1898.6
4, 1898.7
2, 1898.8
4, 1898.9
9, 1899
4, 1899.1
5, 1899.2
6, 1899.3
3, 1899.4
5, 1899.5
8, 1899.6
3, 1899.7
2, 1899.8
6, 1899.9
6, 1900
7, 1900.1
7, 1900.2
5, 1900.3
3, 1900.4
2, 1900.5
3, 1900.6
2, 1900.7
3, 1900.8
5, 1900.9
7, 1901
3, 1901.1
6, 1901.2
2, 1901.3
2, 1901.4
4, 1901.5
5, 1901.6
2, 1901.7
2, 1901.8
4, 1901.9
4, 1902
3, 1902.1
5, 1902.2
1, 1902.3
1, 1902.4
5, 1902.5
2, 1902.6
3, 1902.7
5, 1902.8
4, 1902.9
1, 1903
5, 1903.1
6, 1903.2
2, 1903.3
5, 1903.4
1, 1903.5
4, 1903.7
6, 1903.8
4, 1903.9
10, 1904
7, 1904.1
3, 1904.2
5, 1904.3
3, 1904.4
2, 1904.5
6, 1904.6
5, 1904.7
5, 1904.8
3, 1904.9
3, 1905
7, 1905.1
3, 1905.2
5, 1905.3
5, 1905.4
3, 1905.5
3, 1905.6
2, 1905.7
3, 1905.8
5, 1905.9
5, 1906
5, 1906.1
5, 1906.2
2, 1906.3
3, 1906.4
4, 1906.5
3, 1906.6
4, 1906.7
5, 1906.8
5, 1906.9
3, 1907
4, 1907.1
4, 1907.2
5, 1907.3
3, 1907.4
3, 1907.5
3, 1907.6
5, 1907.7
3, 1907.8
6, 1907.9
4, 1908
2, 1908.1
3, 1908.2
3, 1908.3
3, 1908.4
3, 1908.5
1, 1908.6
6, 1908.7
3, 1908.8
5, 1908.9
6, 1909.1
4, 1909.2
2, 1909.3
1, 1909.4
6, 1909.5
4, 1909.6
2, 1909.7
3, 1909.8
5, 1909.9
5, 1910
6, 1910.1
3, 1910.2
5, 1910.3
3, 1910.4
3, 1910.5
7, 1910.6
3, 1910.7
1, 1910.8
4, 1910.9
5, 1911
7, 1911.1
4, 1911.2
4, 1911.3
4, 1911.4
4, 1911.5
3, 1911.6
1, 1911.7
1, 1911.8
3, 1911.9
4, 1912
4, 1912.1
2, 1912.2
3, 1912.3
4, 1912.4
2, 1912.5
3, 1912.6
6, 1912.7
4, 1912.8
4, 1912.9
3, 1913
3, 1913.1
4, 1913.2
2, 1913.3
6, 1913.4
5, 1913.5
1, 1913.6
3, 1913.7
4, 1913.8
5, 1913.9
3, 1914
4, 1914.1
6, 1914.2
7, 1914.3
2, 1914.4
3, 1914.5
4, 1914.6
6, 1914.7
5, 1914.8
3, 1914.9
3, 1915.1
2, 1915.2
1, 1915.3
4, 1915.4
2, 1915.5
2, 1915.6
4, 1915.7
2, 1915.8
4, 1915.9
5, 1916
3, 1916.1
4, 1916.2
3, 1916.3
5, 1916.4
2, 1916.5
2, 1916.6
5, 1916.7
3, 1916.8
6, 1916.9
8, 1917
2, 1917.1
1, 1917.2
3, 1917.3
2, 1917.4
4, 1917.5
6, 1917.6
2, 1917.7
4, 1917.8
3, 1917.9
1, 1918
2, 1918.1
6, 1918.2
3, 1918.3
1, 1918.4
3, 1918.5
5, 1918.6
4, 1918.7
5, 1918.8
4, 1918.9
3, 1919
1, 1919.1
1, 1919.2
2, 1919.3
3, 1919.4
2, 1919.5
1, 1919.6
1, 1919.7
6, 1919.8
4, 1919.9
2, 1920
2, 1920.1
4, 1920.2
2, 1920.3
3, 1920.4
3, 1920.5
2, 1920.6
3, 1920.7
3, 1920.8
6, 1920.9
3, 1921
2, 1921.1
2, 1921.2
2, 1921.3
2, 1921.4
2, 1921.5
1, 1921.6
4, 1921.7
1, 1921.8
8, 1921.9
4, 1922
2, 1922.1
3, 1922.2
1, 1922.3
5, 1922.4
3, 1922.5
3, 1922.6
3, 1922.7
3, 1922.8
5, 1922.9
4, 1923
2, 1923.1
5, 1923.2
3, 1923.3
7, 1923.4
3, 1923.5
5, 1923.6
5, 1923.7
5, 1923.8
4, 1923.9
4, 1924
5, 1924.1
2, 1924.2
3, 1924.3
3, 1924.4
3, 1924.5
1, 1924.6
1, 1924.7
5, 1924.8
3, 1924.9
1, 1925
6, 1925.1
1, 1925.2
3, 1925.3
2, 1925.4
3, 1925.5
2, 1925.6
5, 1925.7
5, 1925.8
1, 1925.9
2, 1926
3, 1926.1
3, 1926.2
7, 1926.3
2, 1926.4
4, 1926.5
4, 1926.6
4, 1926.7
5, 1926.8
7, 1926.9
2, 1927
4, 1927.1
3, 1927.2
5, 1927.3
4, 1927.4
3, 1927.5
3, 1927.6
2, 1927.7
3, 1927.8
4, 1927.9
5, 1928
6, 1928.1
9, 1928.2
1, 1928.3
4, 1928.4
3, 1928.5
4, 1928.6
4, 1928.7
4, 1928.8
2, 1928.9
7, 1929
2, 1929.1
5, 1929.2
2, 1929.3
3, 1929.4
2, 1929.5
3, 1929.7
8, 1929.8
3, 1929.9
2, 1930
3, 1930.1
3, 1930.2
1, 1930.3
5, 1930.4
4, 1930.5
6, 1930.6
4, 1930.7
2, 1930.8
2, 1930.9
3, 1931
3, 1931.1
4, 1931.2
2, 1931.3
5, 1931.4
2, 1931.5
2, 1931.6
3, 1931.7
2, 1931.8
6, 1931.9
1, 1932
2, 1932.1
2, 1932.2
1, 1932.3
2, 1932.4
2, 1932.5
4, 1932.6
4, 1932.7
4, 1932.8
4, 1932.9
5, 1933
2, 1933.1
5, 1933.2
9, 1933.3
2, 1933.4
3, 1933.5
3, 1933.6
2, 1933.7
4, 1933.8
3, 1933.9
3, 1934
4, 1934.1
2, 1934.2
11, 1934.3
3, 1934.4
4, 1934.5
4, 1934.6
3, 1934.7
8, 1934.8
3, 1934.9
1, 1935
2, 1935.1
3, 1935.2
4, 1935.3
1, 1935.5
1, 1935.6
3, 1935.7
5, 1935.8
2, 1936
2, 1936.1
2, 1936.2
2, 1936.3
2, 1936.4
5, 1936.5
3, 1936.6
3, 1936.7
6, 1936.8
1, 1936.9
6, 1937
4, 1937.1
4, 1937.2
8, 1937.3
6, 1937.4
2, 1937.5
3, 1937.6
2, 1937.7
5, 1937.8
2, 1937.9
6, 1938
2, 1938.1
3, 1938.2
3, 1938.3
3, 1938.4
5, 1938.5
5, 1938.6
5, 1938.7
3, 1938.8
2, 1938.9
2, 1939
4, 1939.1
3, 1939.2
4, 1939.3
5, 1939.4
3, 1939.5
4, 1939.6
1, 1939.7
5, 1939.8
6, 1939.9
5, 1940
4, 1940.1
1, 1940.2
4, 1940.3
2, 1940.4
1, 1940.5
2, 1940.6
3, 1940.7
6, 1940.8
6, 1940.9
3, 1941
7, 1941.1
4, 1941.2
2, 1941.4
3, 1941.5
2, 1941.6
5, 1941.7
4, 1941.8
4, 1941.9
2, 1942
5, 1942.1
2, 1942.2
4, 1942.3
5, 1942.4
1, 1942.5
4, 1942.6
1, 1942.7
1, 1942.8
5, 1942.9
4, 1943.1
2, 1943.2
6, 1943.3
3, 1943.4
2, 1943.5
6, 1943.6
4, 1943.7
5, 1943.8
4, 1943.9
2, 1944
3, 1944.1
4, 1944.2
4, 1944.3
2, 1944.4
2, 1944.5
2, 1944.6
5, 1944.7
5, 1944.8
2, 1944.9
4, 1945
3, 1945.1
4, 1945.2
1, 1945.3
3, 1945.4
8, 1945.5
2, 1945.6
2, 1945.7
2, 1945.8
3, 1945.9
1, 1946
2, 1946.1
5, 1946.2
5, 1946.3
5, 1946.4
6, 1946.6
2, 1946.7
3, 1946.8
2, 1946.9
5, 1947
2, 1947.1
7, 1947.2
4, 1947.3
3, 1947.4
5, 1947.5
4, 1947.6
1, 1947.7
2, 1947.8
1, 1947.9
2, 1948
7, 1948.1
1, 1948.2
3, 1948.3
2, 1948.4
4, 1948.5
1, 1948.6
5, 1948.7
2, 1948.8
2, 1948.9
1, 1949
2, 1949.1
7, 1949.2
7, 1949.3
2, 1949.4
7, 1949.5
5, 1949.6
1, 1949.7
2, 1949.8
5, 1949.9
2, 1950
3, 1950.2
2, 1950.3
3, 1950.4
1, 1950.5
4, 1950.6
3, 1950.7
2, 1950.8
1, 1950.9
1, 1951
5, 1951.1
6, 1951.2
4, 1951.3
1, 1951.4
4, 1951.5
2, 1951.6
3, 1951.7
5, 1951.8
1, 1952
1, 1952.1
2, 1952.2
4, 1952.3
1, 1952.4
2, 1952.5
6, 1952.6
2, 1952.7
4, 1952.8
5, 1952.9
5, 1953
5, 1953.1
3, 1953.2
6, 1953.3
3, 1953.4
6, 1953.5
4, 1953.6
6, 1953.7
4, 1953.8
3, 1953.9
2, 1954
7, 1954.1
4, 1954.2
5, 1954.3
2, 1954.4
6, 1954.5
1, 1954.6
5, 1954.7
2, 1954.8
6, 1954.9
6, 1955
2, 1955.1
6, 1955.2
3, 1955.3
2, 1955.4
2, 1955.5
1, 1955.6
2, 1955.7
2, 1955.8
1, 1955.9
2, 1956.1
4, 1956.2
3, 1956.3
2, 1956.4
1, 1956.5
2, 1956.6
4, 1956.7
1, 1956.8
6, 1956.9
3, 1957
4, 1957.2
5, 1957.3
4, 1957.4
3, 1957.5
3, 1957.7
1, 1957.8
3, 1958
2, 1958.1
3, 1958.2
3, 1958.3
2, 1958.4
2, 1958.5
3, 1958.6
4, 1958.7
2, 1958.8
2, 1958.9
3, 1959
6, 1959.1
2, 1959.2
3, 1959.3
5, 1959.4
4, 1959.5
1, 1959.6
1, 1959.7
1, 1959.8
3, 1959.9
2, 1960
5, 1960.1
3, 1960.2
1, 1960.3
7, 1960.4
1, 1960.6
3, 1960.7
2, 1960.8
6, 1960.9
1, 1961
4, 1961.1
3, 1961.2
5, 1961.3
1, 1961.4
3, 1961.5
2, 1961.6
1, 1961.7
4, 1961.8
4, 1961.9
3, 1962
4, 1962.1
4, 1962.2
3, 1962.3
4, 1962.4
4, 1962.5
6, 1962.6
1, 1962.7
7, 1962.8
4, 1962.9
2, 1963
4, 1963.1
4, 1963.2
3, 1963.3
5, 1963.4
2, 1963.5
2, 1963.6
1, 1963.7
2, 1963.8
3, 1963.9
2, 1964
3, 1964.1
3, 1964.2
3, 1964.3
3, 1964.4
1, 1964.6
4, 1964.7
1, 1964.8
5, 1964.9
2, 1965
4, 1965.2
4, 1965.3
2, 1965.4
3, 1965.5
5, 1965.6
3, 1965.7
2, 1965.8
6, 1965.9
4, 1966
3, 1966.1
3, 1966.2
4, 1966.4
6, 1966.5
5, 1966.6
7, 1966.7
6, 1966.8
2, 1966.9
5, 1967
3, 1967.1
3, 1967.2
1, 1967.3
1, 1967.4
4, 1967.5
5, 1967.6
5, 1967.7
2, 1967.8
5, 1967.9
3, 1968
4, 1968.1
5, 1968.2
3, 1968.3
1, 1968.4
1, 1968.5
6, 1968.6
4, 1968.7
2, 1968.8
5, 1968.9
5, 1969.1
3, 1969.2
3, 1969.3
3, 1969.4
4, 1969.5
1, 1969.6
2, 1969.7
2, 1969.8
4, 1969.9
2, 1970
6, 1970.1
4, 1970.2
3, 1970.3
3, 1970.4
4, 1970.5
3, 1970.6
2, 1970.7
1, 1970.9
4, 1971
3, 1971.1
2, 1971.3
7, 1971.4
6, 1971.5
3, 1971.6
4, 1971.7
1, 1971.8
3, 1971.9
1, 1972
2, 1972.1
4, 1972.2
1, 1972.3
5, 1972.4
5, 1972.5
4, 1972.6
2, 1972.7
2, 1972.8
3, 1972.9
3, 1973
1, 1973.1
3, 1973.2
1, 1973.3
3, 1973.4
2, 1973.5
2, 1973.6
4, 1973.7
2, 1973.8
2, 1973.9
4, 1974.1
2, 1974.2
2, 1974.3
3, 1974.4
6, 1974.5
6, 1974.6
1, 1974.7
4, 1974.8
4, 1974.9
3, 1975
2, 1975.1
7, 1975.3
4, 1975.4
7, 1975.5
3, 1975.6
3, 1975.7
1, 1975.8
3, 1975.9
3, 1976
4, 1976.1
5, 1976.2
4, 1976.3
1, 1976.4
4, 1976.5
3, 1976.6
2, 1976.7
3, 1976.8
1, 1977.1
3, 1977.2
1, 1977.3
2, 1977.4
4, 1977.5
3, 1977.6
1, 1977.7
1, 1977.8
4, 1977.9
3, 1978
6, 1978.1
4, 1978.3
3, 1978.4
3, 1978.5
1, 1978.6
1, 1978.7
3, 1978.8
4, 1978.9
2, 1979
2, 1979.1
2, 1979.2
3, 1979.3
4, 1979.4
3, 1979.5
3, 1979.6
3, 1979.7
2, 1979.8
4, 1980
1, 1980.1
5, 1980.2
3, 1980.3
4, 1980.4
2, 1980.5
1, 1980.6
1, 1980.7
4, 1980.9
2, 1981
2, 1981.2
2, 1981.3
2, 1981.4
2, 1981.5
3, 1981.6
5, 1981.7
2, 1981.8
4, 1981.9
3, 1982
4, 1982.1
3, 1982.2
1, 1982.3
4, 1982.4
2, 1982.5
3, 1982.6
2, 1982.7
4, 1982.8
1, 1982.9
2, 1983
2, 1983.1
2, 1983.2
4, 1983.3
3, 1983.4
2, 1983.5
4, 1983.6
1, 1983.7
2, 1983.8
6, 1983.9
1, 1984
2, 1984.1
4, 1984.2
1, 1984.3
5, 1984.4
3, 1984.5
4, 1984.6
3, 1984.7
3, 1984.8
2, 1984.9
5, 1985
5, 1985.1
2, 1985.2
4, 1985.4
1, 1985.5
2, 1985.6
5, 1985.9
5, 1986.1
4, 1986.2
7, 1986.3
4, 1986.4
2, 1986.6
4, 1986.8
4, 1986.9
2, 1987
1, 1987.1
4, 1987.2
6, 1987.3
6, 1987.4
3, 1987.5
1, 1987.6
1, 1987.7
4, 1987.8
1, 1987.9
1, 1988
2, 1988.1
2, 1988.2
3, 1988.4
4, 1988.5
1, 1988.6
1, 1988.7
5, 1988.8
5, 1988.9
2, 1989
4, 1989.1
1, 1989.3
1, 1989.4
4, 1989.5
3, 1989.7
2, 1989.8
1, 1989.9
7, 1990
3, 1990.1
2, 1990.2
1, 1990.3
2, 1990.4
2, 1990.5
4, 1990.6
4, 1990.7
3, 1990.8
1, 1991
1, 1991.1
1, 1991.2
6, 1991.3
1, 1991.4
4, 1991.6
3, 1991.7
1, 1991.9
4, 1992
3, 1992.1
2, 1992.2
3, 1992.3
1, 1992.4
5, 1992.5
2, 1992.6
5, 1992.7
1, 1992.8
4, 1992.9
3, 1993
4, 1993.1
4, 1993.2
5, 1993.3
2, 1993.4
2, 1993.5
2, 1993.6
3, 1993.7
4, 1993.8
2, 1993.9
3, 1994
3, 1994.1
8, 1994.2
3, 1994.3
2, 1994.4
1, 1994.5
4, 1994.6
1, 1994.7
1, 1994.8
3, 1994.9
2, 1995
1, 1995.1
1, 1995.2
3, 1995.3
3, 1995.4
3, 1995.5
1, 1995.6
4, 1995.7
1, 1995.8
2, 1995.9
4, 1996
6, 1996.2
7, 1996.3
2, 1996.4
1, 1996.5
4, 1996.6
2, 1996.7
3, 1996.8
2, 1996.9
3, 1997.1
2, 1997.2
1, 1997.3
3, 1997.4
4, 1997.5
3, 1997.6
3, 1997.7
1, 1997.8
2, 1997.9
3, 1998
7, 1998.1
2, 1998.2
2, 1998.3
4, 1998.4
2, 1998.5
3, 1998.6
2, 1998.7
1, 1998.8
2, 1998.9
4, 1999
3, 1999.1
4, 1999.2
2, 1999.3
4, 1999.4
4, 1999.5
3, 1999.6
2, 1999.7
5, 1999.8
3, 1999.9
2, 2000
1, 2000.1
3, 2000.2
2, 2000.3
2, 2000.4
3, 2000.5
2, 2000.6
3, 2000.7
3, 2000.8
2, 2001
4, 2001.1
2, 2001.2
2, 2001.3
2, 2001.4
5, 2001.5
4, 2001.6
2, 2001.7
2, 2001.8
1, 2001.9
6, 2002
5, 2002.1
2, 2002.2
4, 2002.3
3, 2002.4
3, 2002.6
3, 2002.7
1, 2002.8
6, 2002.9
5, 2003
2, 2003.1
1, 2003.2
4, 2003.3
3, 2003.5
4, 2003.6
6, 2003.8
2, 2003.9
2, 2004
1, 2004.1
1, 2004.3
3, 2004.4
4, 2004.5
2, 2004.6
4, 2004.7
2, 2004.8
2, 2004.9
5, 2005
2, 2005.1
1, 2005.4
3, 2005.5
1, 2005.6
3, 2005.7
1, 2005.8
3, 2005.9
2, 2006
3, 2006.1
1, 2006.2
2, 2006.3
3, 2006.4
2, 2006.5
4, 2006.6
1, 2006.7
3, 2006.8
5, 2006.9
3, 2007.1
1, 2007.2
1, 2007.3
3, 2007.4
3, 2007.5
6, 2007.6
3, 2007.7
2, 2007.8
2, 2007.9
4, 2008
3, 2008.1
3, 2008.2
6, 2008.3
1, 2008.4
4, 2008.6
2, 2008.7
1, 2008.8
2, 2008.9
6, 2009
5, 2009.1
4, 2009.2
1, 2009.3
3, 2009.4
1, 2009.5
2, 2009.6
1, 2009.7
1, 2009.8
6, 2009.9
1, 2010
2, 2010.1
4, 2010.2
1, 2010.3
5, 2010.4
3, 2010.5
4, 2010.6
3, 2010.7
6, 2010.8
9, 2010.9
2, 2011
1, 2011.1
5, 2011.2
3, 2011.3
1, 2011.4
1, 2011.5
1, 2011.7
2, 2011.8
5, 2011.9
1, 2012
3, 2012.1
2, 2012.2
1, 2012.3
2, 2012.4
1, 2012.5
6, 2012.6
3, 2012.7
3, 2012.8
5, 2012.9
2, 2013
2, 2013.1
3, 2013.2
1, 2013.3
5, 2013.4
3, 2013.5
1, 2013.6
4, 2013.7
1, 2013.8
2, 2013.9
4, 2014
1, 2014.1
2, 2014.2
3, 2014.3
4, 2014.4
3, 2014.5
2, 2014.6
5, 2014.7
3, 2014.8
1, 2014.9
2, 2015
3, 2015.1
3, 2015.3
2, 2015.4
3, 2015.5
1, 2015.6
3, 2015.7
4, 2015.8
6, 2015.9
6, 2016
2, 2016.2
5, 2016.3
5, 2016.4
3, 2016.5
3, 2016.6
2, 2016.7
5, 2016.8
3, 2016.9
2, 2017
1, 2017.1
2, 2017.2
6, 2017.3
2, 2017.4
1, 2017.6
4, 2017.7
5, 2017.8
2, 2017.9
4, 2018
3, 2018.1
2, 2018.2
3, 2018.3
3, 2018.4
3, 2018.5
5, 2018.7
1, 2018.8
1, 2018.9
2, 2019
3, 2019.1
2, 2019.2
1, 2019.3
3, 2019.4
1, 2019.5
5, 2019.6
7, 2019.7
2, 2019.8
2, 2019.9
2, 2020
2, 2020.1
1, 2020.2
4, 2020.3
2, 2020.4
3, 2020.5
3, 2020.6
3, 2020.7
3, 2020.8
2, 2020.9
3, 2021
4, 2021.1
3, 2021.3
3, 2021.4
1, 2021.5
1, 2021.6
4, 2021.7
5, 2021.8
3, 2021.9
5, 2022
1, 2022.1
3, 2022.2
3, 2022.3
1, 2022.4
2, 2022.5
6, 2022.6
4, 2022.8
2, 2022.9
3, 2023
2, 2023.1
2, 2023.2
5, 2023.3
1, 2023.4
2, 2023.5
3, 2023.6
3, 2023.7
4, 2023.8
3, 2023.9
1, 2024
2, 2024.2
2, 2024.3
5, 2024.4
5, 2024.5
4, 2024.7
2, 2025
2, 2025.1
2, 2025.2
1, 2025.3
9, 2025.4
4, 2025.5
4, 2025.6
3, 2025.7
2, 2025.8
3, 2025.9
1, 2026
2, 2026.1
2, 2026.2
1, 2026.4
3, 2026.5
2, 2026.6
5, 2026.7
1, 2026.8
3, 2026.9
4, 2027
1, 2027.1
1, 2027.2
1, 2027.3
3, 2027.5
3, 2027.6
4, 2027.7
7, 2027.9
4, 2028
2, 2028.1
2, 2028.2
5, 2028.3
1, 2028.4
1, 2028.5
2, 2028.6
1, 2028.7
4, 2028.8
4, 2028.9
3, 2029
4, 2029.1
1, 2029.2
3, 2029.4
3, 2029.5
3, 2029.6
2, 2029.7
2, 2029.8
4, 2029.9
3, 2030
2, 2030.1
2, 2030.2
2, 2030.3
2, 2030.4
1, 2030.5
3, 2030.7
3, 2030.8
2, 2030.9
1, 2031
2, 2031.1
1, 2031.2
1, 2031.3
3, 2031.4
2, 2031.5
2, 2031.6
1, 2031.7
1, 2031.8
1, 2031.9
3, 2032
3, 2032.1
1, 2032.2
3, 2032.3
2, 2032.4
3, 2032.5
1, 2032.6
2, 2032.7
2, 2032.8
3, 2032.9
2, 2033
6, 2033.1
3, 2033.2
6, 2033.3
5, 2033.4
2, 2033.5
1, 2033.6
3, 2033.7
4, 2033.8
3, 2033.9
4, 2034
4, 2034.1
1, 2034.2
2, 2034.3
2, 2034.4
3, 2034.5
1, 2034.6
4, 2034.8
4, 2034.9
3, 2035
4, 2035.2
2, 2035.4
1, 2035.5
1, 2035.6
3, 2035.7
3, 2035.8
1, 2035.9
3, 2036
3, 2036.1
3, 2036.2
2, 2036.4
4, 2036.5
1, 2036.6
1, 2036.7
3, 2036.8
3, 2036.9
1, 2037
1, 2037.1
4, 2037.2
2, 2037.4
1, 2037.5
2, 2037.6
4, 2037.7
6, 2037.8
3, 2037.9
2, 2038
2, 2038.1
1, 2038.3
1, 2038.5
4, 2038.6
3, 2038.7
1, 2038.8
3, 2039
2, 2039.1
1, 2039.2
1, 2039.3
5, 2039.4
4, 2039.5
2, 2039.6
2, 2039.7
3, 2039.8
1, 2039.9
3, 2040
2, 2040.1
2, 2040.2
3, 2040.3
3, 2040.4
2, 2040.5
5, 2040.6
3, 2040.7
1, 2040.8
5, 2041
2, 2041.1
2, 2041.2
2, 2041.3
1, 2041.4
1, 2041.5
3, 2041.6
2, 2041.7
2, 2041.8
3, 2041.9
2, 2042
2, 2042.1
2, 2042.2
4, 2042.3
1, 2042.4
3, 2042.5
6, 2042.6
4, 2042.8
1, 2042.9
3, 2043
1, 2043.1
1, 2043.2
1, 2043.3
3, 2043.4
1, 2043.6
4, 2043.7
7, 2043.8
3, 2044
2, 2044.2
2, 2044.3
2, 2044.4
3, 2044.6
7, 2044.7
3, 2044.8
2, 2044.9
2, 2045
3, 2045.1
2, 2045.2
1, 2045.3
1, 2045.4
4, 2045.5
1, 2045.6
3, 2045.7
3, 2045.8
2, 2045.9
1, 2046
3, 2046.1
2, 2046.3
2, 2046.4
1, 2046.5
2, 2046.6
2, 2046.7
1, 2046.8
3, 2046.9
1, 2047
2, 2047.1
3, 2047.2
1, 2047.3
1, 2047.4
5, 2047.5
3, 2047.6
2, 2047.7
1, 2047.8
6, 2047.9
1, 2048
3, 2048.1
1, 2048.2
4, 2048.3
2, 2048.4
2, 2048.5
4, 2048.6
2, 2048.7
2, 2048.8
1, 2049
2, 2049.1
2, 2049.2
1, 2049.3
5, 2049.4
2, 2049.6
1, 2049.7
1, 2050
2, 2050.1
5, 2050.2
1, 2050.3
2, 2050.4
1, 2050.5
2, 2050.6
4, 2050.7
1, 2050.8
2, 2050.9
4, 2051.1
2, 2051.2
3, 2051.3
4, 2051.4
4, 2051.5
1, 2051.6
4, 2051.7
2, 2051.8
3, 2051.9
1, 2052
3, 2052.1
1, 2052.2
2, 2052.3
1, 2052.4
1, 2052.5
5, 2052.6
1, 2052.7
1, 2052.8
1, 2052.9
4, 2053
2, 2053.1
3, 2053.2
1, 2053.3
3, 2053.4
1, 2053.5
1, 2053.6
2, 2053.7
2, 2053.8
2, 2053.9
4, 2054
2, 2054.1
1, 2054.2
2, 2054.4
1, 2054.5
5, 2054.6
1, 2054.7
1, 2054.8
7, 2054.9
6, 2055
2, 2055.1
3, 2055.3
1, 2055.7
3, 2055.8
1, 2055.9
1, 2056
1, 2056.1
2, 2056.2
2, 2056.3
1, 2056.4
5, 2056.5
3, 2056.7
1, 2056.9
3, 2057
1, 2057.1
3, 2057.2
2, 2057.3
4, 2057.4
4, 2057.6
2, 2057.8
3, 2057.9
3, 2058
3, 2058.2
3, 2058.3
4, 2058.4
3, 2058.5
3, 2058.6
2, 2058.7
1, 2058.8
2, 2058.9
2, 2059
2, 2059.1
1, 2059.2
3, 2059.3
6, 2059.5
1, 2059.6
1, 2059.7
2, 2059.8
4, 2059.9
3, 2060
1, 2060.1
1, 2060.3
2, 2060.4
2, 2060.5
2, 2060.6
2, 2060.7
2, 2060.8
1, 2061.1
4, 2061.2
1, 2061.3
3, 2061.4
1, 2061.6
1, 2061.7
3, 2061.8
1, 2061.9
1, 2062
1, 2062.1
1, 2062.2
1, 2062.3
1, 2062.4
2, 2062.5
3, 2062.7
1, 2062.8
3, 2062.9
1, 2063
5, 2063.1
1, 2063.2
2, 2063.3
4, 2063.4
5, 2063.5
1, 2063.6
1, 2063.7
1, 2063.9
2, 2064
2, 2064.1
2, 2064.2
1, 2064.3
3, 2064.4
4, 2064.5
2, 2064.6
1, 2064.7
1, 2064.8
2, 2064.9
2, 2065.1
3, 2065.2
1, 2065.3
4, 2065.4
3, 2065.5
3, 2065.6
1, 2065.7
3, 2065.8
2, 2066
4, 2066.1
6, 2066.2
1, 2066.3
2, 2066.4
1, 2066.7
1, 2066.9
4, 2067
2, 2067.3
1, 2067.4
2, 2067.5
2, 2067.8
4, 2067.9
2, 2068
2, 2068.3
2, 2068.4
2, 2068.5
3, 2068.6
1, 2068.7
1, 2068.8
3, 2068.9
3, 2069
1, 2069.1
2, 2069.3
2, 2069.6
3, 2069.7
2, 2069.8
3, 2069.9
3, 2070
4, 2070.1
3, 2070.2
2, 2070.3
1, 2070.4
4, 2070.5
3, 2070.6
6, 2070.7
2, 2070.8
1, 2070.9
1, 2071.1
3, 2071.2
1, 2071.3
2, 2071.4
4, 2071.6
4, 2071.7
3, 2071.8
2, 2071.9
2, 2072
4, 2072.1
1, 2072.2
4, 2072.3
1, 2072.4
3, 2072.5
1, 2072.6
1, 2072.7
1, 2072.8
3, 2072.9
4, 2073
1, 2073.2
1, 2073.3
3, 2073.5
3, 2073.6
1, 2073.7
2, 2073.8
3, 2073.9
5, 2074
2, 2074.2
4, 2074.3
2, 2074.4
3, 2074.5
4, 2074.7
4, 2074.8
3, 2075
7, 2075.3
1, 2075.4
2, 2075.6
2, 2075.7
3, 2075.9
4, 2076
3, 2076.1
2, 2076.2
2, 2076.3
3, 2076.4
1, 2076.5
1, 2076.6
2, 2076.7
3, 2076.8
4, 2077
1, 2077.1
2, 2077.3
5, 2077.5
2, 2077.6
1, 2077.8
2, 2077.9
4, 2078
1, 2078.1
2, 2078.2
1, 2078.3
2, 2078.4
1, 2078.5
3, 2078.6
2, 2078.7
3, 2078.8
3, 2078.9
2, 2079
2, 2079.2
2, 2079.3
2, 2079.4
1, 2079.5
1, 2079.6
1, 2079.7
1, 2079.8
3, 2079.9
1, 2080
2, 2080.2
2, 2080.4
2, 2080.6
2, 2080.7
2, 2080.8
3, 2080.9
3, 2081
2, 2081.1
5, 2081.3
2, 2081.4
3, 2081.6
3, 2081.7
2, 2081.9
1, 2082
2, 2082.1
4, 2082.2
3, 2082.3
1, 2082.4
1, 2082.6
2, 2082.7
1, 2082.8
3, 2082.9
1, 2083.1
3, 2083.2
1, 2083.3
3, 2083.5
2, 2083.6
2, 2083.7
1, 2083.8
2, 2083.9
1, 2084
3, 2084.1
2, 2084.2
1, 2084.3
2, 2084.4
2, 2084.5
3, 2084.6
3, 2084.7
5, 2084.8
2, 2084.9
1, 2085
1, 2085.1
1, 2085.2
2, 2085.3
5, 2085.4
1, 2085.5
1, 2085.6
1, 2085.7
3, 2085.8
3, 2085.9
2, 2086
2, 2086.2
2, 2086.3
1, 2086.5
4, 2086.6
1, 2086.8
2, 2086.9
2, 2087
2, 2087.1
3, 2087.2
3, 2087.3
1, 2087.4
2, 2087.5
2, 2087.6
1, 2087.7
3, 2087.8
2, 2087.9
2, 2088
1, 2088.1
3, 2088.2
2, 2088.3
1, 2088.4
1, 2088.5
2, 2088.6
1, 2088.8
1, 2089
1, 2089.1
1, 2089.2
1, 2089.3
2, 2089.4
1, 2089.5
2, 2089.6
2, 2089.7
1, 2089.8
3, 2089.9
3, 2090
4, 2090.2
2, 2090.4
3, 2090.5
3, 2090.6
1, 2090.7
2, 2090.8
4, 2090.9
1, 2091
3, 2091.1
3, 2091.3
2, 2091.4
3, 2091.5
4, 2091.6
3, 2091.7
2, 2091.9
2, 2092
1, 2092.1
3, 2092.3
4, 2092.4
1, 2092.6
5, 2092.7
2, 2092.8
2, 2092.9
2, 2093
3, 2093.1
1, 2093.2
2, 2093.3
1, 2093.4
4, 2093.5
3, 2093.6
2, 2093.7
3, 2093.9
1, 2094
2, 2094.1
1, 2094.2
1, 2094.3
2, 2094.5
2, 2094.6
1, 2094.7
2, 2094.8
1, 2095
1, 2095.1
2, 2095.2
2, 2095.3
2, 2095.4
1, 2095.5
5, 2095.6
2, 2095.7
2, 2095.8
6, 2095.9
2, 2096
2, 2096.2
1, 2096.4
3, 2096.5
4, 2096.6
3, 2096.7
2, 2096.8
2, 2097.1
2, 2097.3
2, 2097.4
2, 2097.5
3, 2097.6
2, 2097.7
3, 2097.8
1, 2097.9
2, 2098.1
4, 2098.2
1, 2098.3
2, 2098.4
1, 2098.5
1, 2098.6
4, 2098.7
1, 2098.9
2, 2099
4, 2099.1
2, 2099.2
1, 2099.3
3, 2099.4
1, 2099.5
1, 2099.6
3, 2099.7
3, 2099.8
3, 2100.3
1, 2100.5
1, 2100.6
2, 2100.7
2, 2100.8
2, 2100.9
3, 2101
1, 2101.1
2, 2101.2
1, 2101.3
2, 2101.4
2, 2101.6
3, 2101.7
1, 2101.8
7, 2102
2, 2102.1
3, 2102.4
1, 2102.5
2, 2102.6
3, 2102.8
2, 2102.9
2, 2103
4, 2103.1
1, 2103.2
3, 2103.4
3, 2103.5
3, 2103.6
3, 2103.8
1, 2103.9
1, 2104.1
1, 2104.2
2, 2104.3
1, 2104.4
3, 2104.5
1, 2104.7
1, 2104.8
3, 2104.9
2, 2105
2, 2105.1
1, 2105.2
3, 2105.3
2, 2105.4
1, 2105.5
4, 2105.6
2, 2105.7
4, 2105.9
1, 2106.2
2, 2106.3
2, 2106.4
3, 2106.5
1, 2106.6
3, 2106.8
1, 2106.9
2, 2107.2
1, 2107.3
4, 2107.6
1, 2107.8
2, 2107.9
1, 2108
1, 2108.1
3, 2108.3
1, 2108.4
1, 2108.5
1, 2108.6
5, 2108.8
1, 2108.9
4, 2109
3, 2109.1
1, 2109.2
1, 2109.3
1, 2109.4
1, 2109.5
1, 2109.7
2, 2109.8
3, 2110.1
2, 2110.3
2, 2110.4
1, 2110.5
3, 2110.6
1, 2110.8
3, 2110.9
1, 2111
1, 2111.2
1, 2111.3
2, 2111.4
2, 2111.5
2, 2111.6
3, 2111.9
1, 2112
2, 2112.1
3, 2112.2
1, 2112.4
5, 2112.5
3, 2112.6
2, 2112.8
3, 2112.9
1, 2113
4, 2113.1
2, 2113.3
1, 2113.4
1, 2113.5
2, 2113.6
1, 2113.7
3, 2113.8
3, 2113.9
1, 2114
2, 2114.2
2, 2114.3
2, 2114.6
1, 2114.7
1, 2114.8
2, 2114.9
2, 2115
4, 2115.1
3, 2115.2
3, 2115.3
1, 2115.4
6, 2115.5
1, 2115.6
1, 2115.7
1, 2115.8
1, 2115.9
3, 2116
1, 2116.1
2, 2116.2
2, 2116.4
2, 2116.5
2, 2116.7
3, 2116.8
3, 2116.9
1, 2117
1, 2117.1
3, 2117.2
1, 2117.3
1, 2117.4
2, 2117.5
2, 2117.6
1, 2117.9
1, 2118.1
2, 2118.2
1, 2118.3
4, 2118.4
2, 2118.5
5, 2118.6
1, 2118.8
2, 2118.9
3, 2119
2, 2119.2
3, 2119.5
1, 2119.7
2, 2119.8
1, 2119.9
2, 2120.2
2, 2120.4
2, 2120.6
2, 2120.7
2, 2120.8
2, 2120.9
1, 2121
5, 2121.1
1, 2121.2
2, 2121.4
3, 2121.6
2, 2121.7
2, 2121.9
2, 2122.1
1, 2122.2
1, 2122.3
2, 2122.4
2, 2122.5
2, 2122.6
1, 2122.8
1, 2122.9
2, 2123
1, 2123.1
1, 2123.2
1, 2123.4
3, 2123.5
2, 2123.8
1, 2123.9
2, 2124.1
1, 2124.2
1, 2124.3
2, 2124.4
2, 2124.5
1, 2124.6
1, 2124.7
1, 2124.9
3, 2125
3, 2125.1
1, 2125.4
1, 2125.5
1, 2125.6
1, 2125.7
2, 2125.8
1, 2125.9
2, 2126
1, 2126.1
2, 2126.2
1, 2126.3
1, 2126.4
1, 2126.5
1, 2126.6
2, 2126.9
2, 2127
2, 2127.1
2, 2127.2
3, 2127.3
1, 2127.4
4, 2127.6
1, 2127.8
1, 2127.9
1, 2128
2, 2128.1
1, 2128.2
5, 2128.4
1, 2128.5
2, 2128.6
2, 2128.7
1, 2128.8
2, 2128.9
2, 2129
1, 2129.2
2, 2129.3
3, 2129.4
6, 2129.8
1, 2129.9
1, 2130
2, 2130.1
1, 2130.3
1, 2130.4
2, 2130.6
3, 2130.8
1, 2130.9
2, 2131
2, 2131.2
1, 2131.3
1, 2131.4
2, 2131.6
1, 2131.7
2, 2131.8
3, 2131.9
1, 2132
2, 2132.1
3, 2132.2
1, 2132.3
1, 2132.4
2, 2132.6
2, 2132.8
2, 2132.9
1, 2133
1, 2133.1
3, 2133.2
1, 2133.5
1, 2133.7
2, 2133.8
1, 2133.9
1, 2134.3
1, 2134.4
2, 2134.5
3, 2134.6
1, 2134.8
1, 2134.9
3, 2135
1, 2135.1
2, 2135.2
4, 2135.3
1, 2135.4
1, 2135.5
2, 2135.7
1, 2135.9
1, 2136
2, 2136.1
1, 2136.3
1, 2136.4
1, 2136.5
3, 2136.6
1, 2136.7
4, 2136.8
4, 2136.9
4, 2137
1, 2137.2
1, 2137.3
3, 2137.6
1, 2137.7
1, 2137.8
2, 2137.9
1, 2138
2, 2138.1
2, 2138.3
1, 2138.4
2, 2138.5
2, 2138.6
1, 2138.9
2, 2139
3, 2139.1
2, 2139.2
1, 2139.3
1, 2139.4
1, 2139.7
4, 2139.9
1, 2140.1
2, 2140.4
2, 2140.5
5, 2140.6
1, 2140.7
3, 2140.9
1, 2141
1, 2141.3
1, 2141.4
1, 2141.5
1, 2141.6
1, 2141.7
1, 2141.8
1, 2142
2, 2142.1
2, 2142.2
1, 2142.3
2, 2142.4
2, 2142.5
1, 2143.1
1, 2143.2
1, 2143.3
2, 2143.5
1, 2143.6
3, 2143.7
2, 2143.8
1, 2144
1, 2144.1
3, 2144.2
1, 2144.5
1, 2144.7
1, 2144.9
2, 2145
3, 2145.2
2, 2145.3
2, 2145.4
2, 2145.6
2, 2145.7
3, 2145.8
1, 2145.9
2, 2146.1
1, 2146.4
2, 2146.5
1, 2146.6
2, 2146.7
1, 2146.8
1, 2146.9
2, 2147
1, 2147.1
1, 2147.2
3, 2147.3
1, 2147.4
3, 2147.6
1, 2147.7
5, 2147.8
3, 2147.9
1, 2148
2, 2148.1
2, 2148.2
1, 2148.4
2, 2148.5
2, 2148.6
2, 2148.7
1, 2148.8
1, 2148.9
2, 2149
2, 2149.4
2, 2149.6
3, 2149.8
1, 2149.9
1, 2150
3, 2150.1
3, 2150.3
1, 2150.4
1, 2150.5
2, 2150.6
1, 2150.8
2, 2150.9
2, 2151
1, 2151.2
1, 2151.3
1, 2151.5
1, 2151.7
3, 2151.8
1, 2151.9
4, 2152
2, 2152.1
1, 2152.2
1, 2152.4
2, 2152.5
2, 2152.7
1, 2152.8
2, 2152.9
1, 2153
1, 2153.1
2, 2153.5
1, 2153.6
2, 2153.7
2, 2153.8
3, 2153.9
1, 2154
1, 2154.1
2, 2154.2
3, 2154.3
1, 2154.4
1, 2154.5
2, 2155
1, 2155.1
1, 2155.2
1, 2155.4
1, 2155.5
2, 2155.7
1, 2155.8
1, 2155.9
1, 2156
1, 2156.4
2, 2156.5
3, 2156.6
2, 2156.7
1, 2157.2
2, 2157.6
1, 2157.8
3, 2157.9
2, 2158
1, 2158.1
2, 2158.2
2, 2158.3
1, 2158.4
1, 2158.7
2, 2158.9
1, 2159
3, 2159.1
1, 2159.2
1, 2159.3
1, 2159.5
1, 2159.6
1, 2159.8
1, 2159.9
1, 2160
1, 2160.2
2, 2160.4
2, 2160.5
1, 2160.7
1, 2160.8
1, 2160.9
2, 2161.1
1, 2161.2
1, 2161.3
1, 2161.7
1, 2161.8
2, 2162
2, 2162.1
2, 2162.2
1, 2162.3
2, 2162.5
3, 2162.7
1, 2162.8
2, 2162.9
4, 2163.1
2, 2163.3
1, 2163.4
4, 2163.5
3, 2163.6
1, 2163.9
1, 2164
2, 2164.1
2, 2164.5
1, 2164.6
1, 2164.7
1, 2164.8
1, 2164.9
2, 2165.1
2, 2165.2
1, 2165.4
1, 2165.5
1, 2165.6
1, 2165.8
1, 2165.9
5, 2166.1
1, 2166.2
2, 2166.4
2, 2166.5
3, 2166.8
2, 2166.9
1, 2167
1, 2167.1
1, 2167.2
2, 2167.3
1, 2167.4
1, 2167.5
1, 2167.6
1, 2167.7
1, 2167.8
3, 2167.9
2, 2168
1, 2168.2
1, 2168.3
3, 2168.4
1, 2168.6
1, 2168.7
1, 2168.9
2, 2169
2, 2169.1
1, 2169.2
2, 2169.3
1, 2169.4
2, 2169.5
1, 2169.6
1, 2169.8
1, 2169.9
1, 2170.1
1, 2170.2
1, 2170.7
3, 2171
1, 2171.3
3, 2171.6
3, 2171.7
1, 2172
1, 2172.1
1, 2172.3
1, 2172.5
2, 2172.6
2, 2172.7
3, 2172.8
2, 2172.9
1, 2173.3
2, 2173.4
1, 2173.5
1, 2173.6
1, 2173.8
1, 2173.9
2, 2174
1, 2174.1
1, 2174.2
1, 2174.6
2, 2174.7
1, 2174.9
3, 2175.2
1, 2175.3
1, 2175.4
1, 2175.6
1, 2175.8
1, 2175.9
1, 2176
1, 2176.1
1, 2176.2
1, 2176.3
1, 2176.6
2, 2176.9
1, 2177
2, 2177.1
1, 2177.4
2, 2177.5
1, 2177.7
1, 2177.8
1, 2178
1, 2178.2
2, 2178.3
1, 2178.6
3, 2178.7
2, 2178.8
2, 2178.9
1, 2179
3, 2179.2
2, 2179.3
1, 2179.4
1, 2179.5
1, 2179.6
1, 2179.7
3, 2179.8
2, 2179.9
2, 2180
4, 2180.2
4, 2180.3
3, 2180.5
1, 2180.7
1, 2180.8
1, 2180.9
1, 2181.1
1, 2181.2
2, 2181.3
2, 2181.4
1, 2181.6
1, 2181.7
1, 2181.8
1, 2182.1
2, 2182.4
1, 2182.5
1, 2182.6
1, 2182.9
2, 2183.1
1, 2183.2
1, 2183.4
1, 2183.5
1, 2183.7
1, 2183.9
1, 2184
2, 2184.1
3, 2184.2
2, 2184.5
1, 2184.6
2, 2185
1, 2185.1
1, 2185.2
1, 2185.3
2, 2185.5
2, 2185.7
1, 2185.8
3, 2185.9
1, 2186.1
2, 2186.2
2, 2186.8
1, 2187
1, 2187.1
2, 2187.2
1, 2187.3
2, 2187.5
1, 2187.6
1, 2187.7
1, 2188.1
3, 2188.2
2, 2188.4
1, 2188.5
2, 2188.7
1, 2188.9
1, 2189
1, 2189.1
1, 2189.2
1, 2189.5
2, 2189.6
2, 2189.8
2, 2189.9
2, 2190.1
1, 2190.2
2, 2190.5
1, 2190.6
1, 2190.7
1, 2190.8
2, 2190.9
1, 2191.1
2, 2191.4
1, 2191.6
1, 2191.7
3, 2191.9
1, 2192
1, 2192.4
1, 2192.6
2, 2192.7
2, 2192.8
1, 2193.1
1, 2193.2
2, 2193.3
1, 2193.5
2, 2193.7
1, 2193.9
4, 2194
1, 2194.1
2, 2194.2
2, 2194.4
1, 2194.5
2, 2194.7
1, 2195.2
2, 2195.3
3, 2195.4
1, 2195.5
1, 2195.7
1, 2195.8
1, 2196
2, 2196.2
1, 2196.5
1, 2196.6
1, 2196.7
1, 2196.8
1, 2196.9
1, 2197
1, 2197.2
1, 2197.3
1, 2197.4
1, 2197.5
2, 2198.1
2, 2198.2
2, 2198.5
2, 2198.7
1, 2199.1
1, 2199.6
1, 2199.8
1, 2199.9
1, 2200
1, 2200.1
3, 2200.2
2, 2200.5
2, 2200.6
2, 2200.8
2, 2201.1
2, 2201.4
1, 2201.5
2, 2201.7
1, 2202.1
3, 2202.2
2, 2202.3
4, 2202.4
1, 2202.6
1, 2202.7
2, 2203.2
1, 2203.4
4, 2203.5
1, 2203.6
1, 2203.9
1, 2204.3
1, 2204.5
1, 2204.8
1, 2205
1, 2205.3
1, 2205.4
1, 2205.5
1, 2205.8
1, 2206.1
2, 2206.2
1, 2206.3
1, 2206.4
2, 2206.9
3, 2207.2
1, 2207.7
3, 2207.8
1, 2207.9
1, 2208
1, 2208.2
2, 2208.5
1, 2208.6
1, 2209
3, 2209.2
2, 2209.3
1, 2209.4
2, 2209.5
1, 2209.7
1, 2210
2, 2210.1
1, 2210.4
1, 2210.5
2, 2210.8
1, 2210.9
1, 2211
1, 2211.3
1, 2211.4
2, 2211.7
1, 2211.8
1, 2212
1, 2212.3
1, 2212.4
3, 2212.5
2, 2212.7
2, 2212.8
1, 2213.1
1, 2213.3
1, 2213.5
2, 2214.4
1, 2214.5
2, 2214.7
1, 2214.8
1, 2215.2
2, 2215.3
1, 2215.7
1, 2215.8
1, 2216
2, 2217.2
1, 2217.3
2, 2218
2, 2218.3
1, 2218.5
1, 2218.6
1, 2218.8
1, 2218.9
1, 2219.7
1, 2219.9
1, 2220.1
1, 2220.6
1, 2220.7
1, 2220.8
1, 2221
2, 2221.1
1, 2221.3
1, 2221.6
1, 2221.7
1, 2221.8
2, 2221.9
2, 2222
1, 2222.1
1, 2222.2
1, 2222.3
2, 2222.5
1, 2222.6
1, 2222.7
1, 2222.8
1, 2223
1, 2223.1
1, 2223.2
1, 2223.6
1, 2223.9
1, 2224.7
1, 2224.8
1, 2224.9
1, 2225.6
1, 2225.8
1, 2225.9
1, 2226.1
2, 2226.2
1, 2226.5
1, 2226.6
1, 2226.7
1, 2227
1, 2227.5
2, 2227.6
1, 2227.7
1, 2227.8
2, 2227.9
1, 2228
1, 2228.2
1, 2228.3
1, 2228.5
1, 2228.8
1, 2228.9
1, 2229
1, 2229.3
1, 2229.4
1, 2229.6
1, 2229.9
1, 2230
1, 2230.2
1, 2230.3
2, 2230.5
1, 2230.6
1, 2230.7
2, 2231.4
1, 2231.5
1, 2231.8
2, 2231.9
1, 2232.1
1, 2232.2
1, 2232.4
1, 2232.6
1, 2232.7
1, 2232.8
1, 2232.9
1, 2233
1, 2233.1
1, 2233.2
1, 2233.3
1, 2233.4
1, 2233.5
2, 2233.6
1, 2233.7
1, 2233.8
1, 2234.4
1, 2234.8
2, 2235
1, 2235.2
3, 2235.5
2, 2235.9
1, 2236.1
1, 2236.5
1, 2236.7
1, 2237
1, 2237.1
1, 2237.6
1, 2237.8
1, 2237.9
3, 2238
1, 2239.1
2, 2239.3
1, 2239.4
1, 2239.7
1, 2239.8
1, 2239.9
1, 2240
2, 2240.1
1, 2240.3
1, 2240.4
2, 2240.9
1, 2241
1, 2241.1
3, 2241.5
1, 2241.8
2, 2242
1, 2242.1
1, 2242.7
1, 2243.1
1, 2243.2
1, 2243.7
1, 2243.8
1, 2244.4
1, 2244.5
1, 2244.8
1, 2244.9
1, 2245
1, 2245.2
1, 2245.7
1, 2245.8
3, 2245.9
1, 2246.3
1, 2246.4
1, 2246.5
2, 2246.7
1, 2246.8
1, 2246.9
1, 2247.2
2, 2247.5
1, 2247.6
1, 2247.8
1, 2247.9
1, 2248.1
1, 2248.2
4, 2248.5
1, 2249
1, 2249.2
2, 2249.4
1, 2249.5
2, 2249.6
1, 2249.7
1, 2250.3
2, 2250.5
1, 2250.7
1, 2251.4
1, 2251.6
1, 2252
1, 2252.6
2, 2252.9
1, 2253.2
1, 2253.3
1, 2253.4
1, 2253.5
1, 2253.6
2, 2254
1, 2254.2
1, 2254.5
1, 2254.6
1, 2254.8
1, 2255.2
1, 2255.4
1, 2255.7
1, 2255.9
2, 2256
1, 2256.1
1, 2256.7
2, 2256.8
1, 2256.9
1, 2257.2
1, 2257.4
1, 2257.8
1, 2258.2
1, 2258.3
1, 2258.4
1, 2259
1, 2259.3
2, 2259.5
1, 2259.9
1, 2260.6
1, 2260.7
2, 2260.8
1, 2261
1, 2261.1
2, 2261.5
1, 2261.7
1, 2261.8
1, 2262.1
1, 2262.5
1, 2263.2
2, 2264.5
1, 2264.8
1, 2264.9
1, 2265.1
1, 2265.4
1, 2266.7
2, 2266.9
1, 2267.3
1, 2267.7
2, 2267.8
1, 2268.3
1, 2269.4
1, 2269.5
1, 2269.6
2, 2269.7
1, 2269.8
1, 2269.9
3, 2270.2
1, 2270.3
1, 2270.6
2, 2271.1
1, 2271.2
1, 2271.3
1, 2272
2, 2272.1
1, 2272.2
1, 2272.4
1, 2272.8
2, 2272.9
1, 2273.3
1, 2273.6
1, 2273.7
1, 2273.9
1, 2274
1, 2274.3
1, 2274.6
1, 2275
1, 2275.2
1, 2275.3
1, 2275.7
1, 2275.9
1, 2276
1, 2276.2
2, 2276.3
1, 2276.5
1, 2276.6
1, 2277.4
2, 2277.6
1, 2277.9
1, 2278.2
1, 2278.6
1, 2279.3
1, 2279.4
1, 2279.9
1, 2280
1, 2280.6
1, 2280.7
1, 2281.2
1, 2281.3
1, 2281.5
1, 2281.9
1, 2282.1
1, 2282.3
1, 2282.7
1, 2282.8
1, 2282.9
1, 2283.2
1, 2283.6
2, 2283.8
1, 2284.6
1, 2284.9
1, 2285.2
1, 2285.5
1, 2285.9
1, 2286.3
1, 2286.4
1, 2286.6
1, 2287.1
1, 2288.1
1, 2288.2
1, 2288.3
1, 2288.4
2, 2289.1
3, 2289.4
1, 2290.5
1, 2291.4
1, 2291.8
1, 2291.9
1, 2292.5
1, 2292.9
1, 2293.3
1, 2294.1
1, 2294.3
1, 2294.5
1, 2294.6
3, 2294.7
1, 2295
1, 2295.1
1, 2295.5
1, 2295.9
1, 2296.7
1, 2296.9
1, 2297.4
1, 2297.6
1, 2298.2
1, 2298.4
1, 2299.2
1, 2299.3
2, 2299.6
1, 2299.7
1, 2299.9
1, 2301.1
1, 2301.4
1, 2301.6
1, 2302.2
1, 2302.7
3, 2302.8
1, 2303.3
1, 2303.4
1, 2304.2
1, 2306
1, 2306.2
1, 2307.5
1, 2308.6
1, 2309
1, 2309.1
2, 2309.2
1, 2310.7
1, 2312
1, 2312.1
1, 2312.4
1, 2312.6
1, 2313.8
1, 2315
1, 2317.3
1, 2318.1
1, 2318.8
1, 2319.8
3, 2319.9
1, 2320.9
1, 2321.4
2, 2322
1, 2322.2
1, 2322.4
1, 2322.6
1, 2322.7
1, 2324
2, 2325.8
1, 2326.2
1, 2326.4
1, 2327.4
1, 2330.1
1, 2331
1, 2332
1, 2332.8
2, 2333
1, 2333.4
1, 2333.6
1, 2333.7
1, 2333.9
1, 2334.3
1, 2335.2
1, 2335.9
3, 2336
1, 2337.6
1, 2337.8
1, 2339.5
1, 2340
1, 2340.3
1, 2340.5
1, 2340.8
1, 2340.9
1, 2341.2
1, 2341.7
1, 2343
1, 2343.2
1, 2343.9
1, 2345.3
1, 2345.7
1, 2345.9
2, 2346.3
1, 2346.5
2, 2348.3
1, 2348.4
1, 2348.6
1, 2349.4
1, 2349.6
1, 2350.3
2, 2350.6
1, 2352.1
1, 2353.3
1, 2355.1
1, 2355.5
1, 2356.2
1, 2356.3
1, 2359.1
2, 2359.2
1, 2360.8
1, 2361.2
1, 2361.6
1, 2362.2
1, 2363.1
1, 2363.7
1, 2364.8
1, 2365.1
1, 2365.2
1, 2365.7
1, 2366
1, 2366.1
1, 2366.7
1, 2367.4
1, 2367.9
1, 2368.7
1, 2368.9
1, 2369.5
1, 2370.2
1, 2372.2
1, 2374
1, 2375.2
1, 2375.4
1, 2377.5
1, 2381.8
1, 2382.8
1, 2383.9
1, 2384.7
1, 2385
1, 2385.1
1, 2385.4
1, 2385.7
1, 2386.5
1, 2388
1, 2391.3
1, 2391.9
1, 2395.5
1, 2395.7
1, 2396.1
1, 2401.2
1, 2401.8
2, 2404.2
1, 2405.2
1, 2411.1
1, 2411.6
1, 2412.2
1, 2413.8
1, 2414.8
1, 2416.3
1, 2416.5
1, 2421.1
1, 2423.5
1, 2425
1, 2427.1
1, 2428
1, 2441.5
1, 2441.6
1, 2441.7
1, 2441.8
1, 2447.3
1, 2449.3
1, 2451
1, 2452.9
1, 2455.4
1, 2463.4
1, 2465.4
1, 2469
1, 2472.6
1, 2473.9
1, 2475.4
1, 2478.6
1, 2483.5
1, 2505
1, 2532.2
